Company,Industry,City,Careers Site URL
8x8,Communications,,https://www.8x8.com/careers/jobs
8x8,Communications,,https://www.8x8.com/careers/jobs?location=Colorado
A.L.E.I.R,Public Safety,,
A2Z Drone Delivery,Transportation Technology,,https://www.a2zdronedelivery.com/careers
A2ZSync,Software & Services,Greenwood Village,https://a2zsync.com/careers/
AbsenceSoft,Software & Services,Golden,https://absencesoft.com/careers/#openings
Absio,Cybersecurity,Littleton,https://www.linkedin.com/company/absio/jobs/
Accelo,Other,Denver,https://accelo.hire.trakstar.com/?
Accruent,Real Estate Technology,Centennial,https://fortive.eightfold.ai/careers?location=any&pid=893382671752&Operating%20Company=Accruent&domain=fortive.com&sort_by=relevance&jobIndex=0
AccuBar,E-commerce,Centennial,https://birchstreet.isolvedhire.com/jobs/
ACI Worldwide,Fintech,,https://ebwg.fa.us2.oraclecloud.com/hcmUI/CandidateExperience/en/sites/CX/jobs?lastSelectedFacet=LOCATIONS&selectedLocationsFacet=300000000300470
AdAction,Software & Services,Lakewood,https://workforcenow.adp.com/mascsr/default/mdf/recruitment/recruitment.html?cid=1ad964e1-2111-432a-a530-7c51571c6374&ccId=19000101_000001&lang=en_US
AdCellerant,Marketing Technology,Denver,https://adcellerant.com/career-job-listing/
Advanced Fraud Solutions,Cybersecurity,,https://www.linkedin.com/company/advanced-fraud-solutions/jobs/
Aircall,Communications,,https://aircall.io/careers/#open-positions
Airwallex,Fintech,,https://careers.airwallex.com/jobs/?location%5B%5D=remote&order=newest
AlertMedia,Analytics & AI,,https://www.alertmedia.com/careers/openings/
ALM,Analytics & AI,Centennial,https://www.alm.com/current-openings/
Alpha Pro Tech LTD.,Healthcare Technology,,https://www.linkedin.com/company/alpha-pro-tech/jobs/
Alterian,Marketing Technology,Denver,https://www.alterian.com/about-us/careers/
Alteryx,Analytics & AI,Broomfield,https://alteryx.wd108.myworkdayjobs.com/AlteryxCareers
Altvia,Software & Services,Broomfield,https://altvia.com/careers/#jobs
Amplifire,Education Technology,Boulder,https://amplifire.com/careers-opportunities-at-amplifire/
Anduril,Public Safety,,https://www.anduril.com/open-roles/?location=Boulder%2C+Colorado%2C+United+States_Broomfield%2C+Colorado%2C+United+States_Remote_USA&department=&search=&gh_src=
Angi,Other,Denver,https://www.angi.com/careers/jobs
Appian,Healthcare Technology,,https://careers.appian.com/jobs?jobs-location=jobs-location%3Adenver--colorado&jobs-location=jobs-location%3Aunited-states
Apptio (part of IBM),Software & Services,Boulder,https://www.ibm.com/careers/search?field_keyword_05[0]=United%20States&q=APPTIO
Aquaoso,Analytics & AI,Denver,https://aquaoso.com/careers/
ARC,Software & Services,Denver,https://jobs.jobvite.com/arc/jobs/viewall
Argis Solutions,Software & Services,Aurora,https://www.argis.com/careers
Ascent360,Other,Golden,https://ascent360.com/about/careers/#open-positions
AssetSense,Other,Broomfield,https://www.linkedin.com/company/assetsense/jobs/
Automation Anywhere,Other,,https://www.automationanywhere.com/company/careers/all
Axon,Public Safety,,https://www.axon.com/careers/all?greenhouse-jobs-index%5BrefinementList%5D%5Blocation.name%5D%5B0%5D=Denver%2C%20Colorado%2C%20United%20States
BeSmartee,Fintech,,https://www.besmartee.com/careers/#jobs
Better,Fintech,,https://jobs.lever.co/better
BiggerPockets,Real Estate Technology,Denver,https://www.biggerpockets.com/careers
BillingPlatform,Enterprise Software,Centennial,https://apply.workable.com/billingplatform-1/
Billtrust,Other,Denver,https://apply.workable.com/billingplatform-1/#jobs
Bilt Rewards,Fintech,,https://www.biltrewards.com/p/careers
Blend,Other,,https://blend.com/company/careers/job-openings/
Bombora,Marketing Technology,Denver,https://bombora.com/careers/
Brandfolder (Smartsheet Company),Other,Denver,https://brandfolder.com/careers/
Brightfin,Other,Centennial,https://brightfin.bamboohr.com/careers
Brightwave,Fintech,,https://www.linkedin.com/company/brightwaveio/jobs/
Brightwheel,Education Technology,Denver,https://jobs.lever.co/brightwheel
burstIQ,Analytics & AI,Denver,https://burstiq.com/careers/
C-Zentrix,Other,,https://www.c-zentrix.com/careers
Call Center Studio,Other,,https://www.linkedin.com/company/ccs4cx/jobs/
Carbyne,Communications,,https://carbyne911.com/careers/
Case Closed,Public Safety,,https://www.caseiq.com/careers/
Casebuilder,Public Safety,,https://www.linkedin.com/company/casebuilder/jobs/
Catalyst Healthcare,Healthcare Technology,,https://www.linkedin.com/company/catalyst-healthcare-llc/jobs/
Cellebrite,Public Safety,,https://apply.workable.com/cellebrite-1/
CentralSquare Public Safety Pro Suite,Public Safety,,https://centralsquare.com/careers/
Choozle,Marketing Technology,Denver,https://choozle.com/careers/
Cin7,E-commerce,,https://www.cin7.com/careers/
Clearview AI,Public Safety,,
Clinical Ink,Healthcare Technology,,https://clinicalink.com/company/careers/
Close,Enterprise Software,,https://jobs.lever.co/close
Computronix,Software & Services,,https://computronix.com/about-us/careers/
Comtrac,Public Safety,,https://www.linkedin.com/company/comtrac/jobs/
Connect for Health Colorado,Insurance Technology,,https://connectforhealthco.com/careers-main/
CQG,Analytics & AI,,https://www.cqg.com/careers
CrossTrax,Public Safety,,https://www.linkedin.com/company/crosstrax/jobs/
D3 Security,Cybersecurity,,https://d3security.com/careers/
DarkOwl,Public Safety,,https://www.darkowl.com/careers/
Data Dog,Analytics & AI,,https://app.datadoghq.com/account/settings#api
Dataiku,Analytics & AI,,https://careers.dataiku.com/
DataVisor,Cybersecurity,,https://www.datavisor.com/careers/
Documoto,Software & Services,,https://documoto.com/careers/
Elastic Suite,E-commerce,,https://www.elastic.co/careers/
emite,Other,,https://www.linkedin.com/company/emite-inc/jobs/
Empower,Fintech,Denver,https://www.empower.me/careers
Epsilon,Marketing Technology,,https://www.epsilon.com/us/careers
Equus,Other,,https://equus.bamboohr.com/careers/
EverBridge,Communications,,https://www.everbridge.com/careers/
EverCommerce,Other,Denver,https://www.evercommerce.com/careers/
EVO Snap,Fintech,Westminster,https://evosnap.com/
Experian,Analytics & AI,,https://careers.experian.com/
Exterro,Other,,https://www.exterro.com/careers/
FareHarbor,Other,,https://fareharbor.com/careers/
Fastly,Cloud Services,,https://www.fastly.com/careers
Feedzai,Cybersecurity,,https://careers.feedzai.com/
FICO,Analytics & AI,,https://www.fico.com/en/careers
Filevine,Software & Services,,https://www.filevine.com/careers/
FinFolio,Fintech,,https://finfolio.com/careers/
First Arriving,Public Safety,,https://firstarriving.com/careers/
FIVE x 5 Solutions,Software & Services,,https://fivexfive.com/careers/
Five9,Communications,,https://www.five9.com/careers
Fivetran,Analytics & AI,,https://www.fivetran.com/careers
Flatfile,Software & Services,,https://flatfile.com/careers/
FluentStream,Communications,,https://www.fluentstream.com/careers/
FluoroFinder,Healthcare Technology,,https://www.fluorofinder.com/about/careers/
Flytedesk,Marketing Technology,,https://www.linkedin.com/company/flytedesk/jobs/
ForceMetrics,Public Safety,,https://www.forcemetrics.com/careers/
Freshworks,Software & Services,,https://www.freshworks.com/company/careers/
Frontstep,Real Estate Technology,,https://frontstep.com/careers/
Fullcontact,Analytics & AI,Denver,https://www.fullcontact.com/careers/
Gatemaster,Software & Services,,https://gatemaster.com/careers/
General Dynamics,Public Safety,,https://gdmissionsystems.com/careers
Genesys,Communications,,https://www.genesys.com/careers
Genetec,Cybersecurity,,https://www.genetec.com/careers
GHX,Software & Services,,https://www.ghx.com/careers/
Gig smart,HR Technology,,https://www.gigsmart.com/careers/
Gogo Business Aviation,Communications,,https://jobs.jobvite.com/gogo/
Granicus,Government Technology,,https://granicus.com/careers/
Gridics,Other,,https://www.linkedin.com/company/gridics/jobs/
Guild Education,Education Technology,Denver,https://www.guildeducation.com/careers/
Gusto,HR Technology,,https://gusto.com/careers
Gusto,HR Technology,,https://gusto.com/careers
Handbid,Software & Services,,https://handbid.com/careers/
Healthgrades,Healthcare Technology,Denver,https://careers.healthgrades.com/
Hexagon,Software & Services,,https://hexagon.com/company/careers
Highwing,Other,,https://www.linkedin.com/company/high-wing/jobs/
Homebot,Real Estate Technology,,https://homebot.ai/careers/
Huntington Bank,Fintech,,https://www.huntington.com/careers
i2 Suite,Public Safety,,https://www.linkedin.com/company/i2-limited/jobs/
Intervoke,Education Technology,,https://intervoke.com/careers/
Intranext Systems,Communications,,https://intranext.com/careers/
Invisible Technologies,Software & Services,,https://invisible.co/
IQware,Software & Services,,https://www.iqware.com/careers/
Josh.ai,Software & Services,,https://josh.ai/careers/
Kantox,Fintech,,https://kantox.com/en/careers/
Kaseware,Public Safety,,https://kaseware.com/careers/
Kiva,Fintech,,https://www.kiva.org/careers
Kologik,Public Safety,,https://www.kologik.com/careers/
L3Harris,Public Safety,,https://careers.l3harris.com/
Lenda,Fintech,,
Lendesk,Fintech,,https://lendesk.com/careers/
LexisNexis Risk Solutions,Analytics & AI,,https://risk.lexisnexis.com/careers
Lightspeed,Software & Services,,https://www.lightspeedhq.com/careers/
Liqid,Cloud Services,,https://liqid.com/careers/
LiveAgent,Software & Services,,https://www.liveagent.com/company/jobs/
Lone Wolf,Real Estate Technology,,https://lonewolftechnologies.com/careers/
Macrium Software,Software & Services,,https://www.macrium.com/company/careers
Magic Leap,Software & Services,,https://jobs.magicleap.com/
Magnet Forensics,Public Safety,,https://www.magnetforensics.com/company/careers/
Management Controls,Software & Services,,https://managementcontrols.com/careers/
Mark43,Public Safety,,https://mark43.com/careers/
Matrix,Public Safety,,https://www.matrix-solutions.com/careers/
Maxwell,Fintech,,https://maxwell.com/careers/
MeetMonk,Communications,,https://meetmonk.com/careers/
Meltwater,Analytics & AI,,https://www.meltwater.com/careers/
Mersive,Communications,,https://mersive.com/company/careers/
Mitel,Communications,,https://www.mitel.com/careers
Model N,Software & Services,,https://www.modeln.com/company/careers/
Molo Finance,Fintech,,https://molofinance.com/careers/
mPulse,Healthcare Technology,,https://mpulse.com/careers/
Musiquest,Education Technology,,https://www.musiquest.com/careers/
Navigator Business Solutions,Enterprise Software,,https://www.navigatorbusinesssolutions.com/careers/
Neat Capital,Fintech,,https://neat.capital/careers/
Netstock,E-commerce,,https://www.netstock.com/careers/
NICE Actimize,Analytics & AI,,https://www.niceactimize.com/careers/
Nymbl Science,Healthcare Technology,,https://nymblscience.com/careers/
Ombud,Software & Services,,https://ombud.com/careers/
Omnigo,Public Safety,,https://www.omnigo.com/careers/
Open Door,Real Estate Technology,,https://www.opendoor.com/careers
Open Text,Software & Services,,https://www.opentext.com/careers
Orderly,Healthcare Technology,,https://www.orderly.com/careers/
OrthoFi,Healthcare Technology,,https://orthofi.com/careers/
Pairin,Education Technology,,https://pairin.com/careers/
Palantir,Public Safety,,https://www.palantir.com/careers/
Pathify,Education Technology,,https://pathify.com/careers/
Phase Change Software,Software & Services,,https://phasechangesoftware.com/careers/
Ping Identity,Cybersecurity,,https://www.pingidentity.com/careers.html
Planet Labs,Other,,https://www.planet.com/careers/
Planning Pod,Software & Services,,https://www.planningpod.com/careers/
Poppulo,Software & Services,,https://poppulo.com/careers/
Power Takeoff,Software & Services,,https://www.powertakeoff.com/careers/
Precog,Analytics & AI,,https://precog.com/careers/
Prime Pay,HR Technology,,https://primepay.com/careers/
PrintRelief,Other,,https://printrelief.com/careers/
Procare Solutions,Education Technology,,https://www.procaresoftware.com/careers/
Proofpoint,Cybersecurity,,https://www.proofpoint.com/careers
Quantum Metric,Analytics & AI,,https://quantummetric.com/careers/
Quizlet,Education Technology,,https://quizlet.com/careers
Reali Solutions,Real Estate Technology,,https://reali.com/careers/
Red Canary,Cybersecurity,,https://redcanary.com/careers/
Redeam,Software & Services,,https://redeam.com/careers/
ResourceX,Government Technology,,https://resourcex.com/careers/
SaferWatch,Communications,,https://saferwatch.com/careers/
Sardine,Cybersecurity,,https://sardine.ai/careers/
SASÂ® Law Enforcement Intelligence,Public Safety,,https://www.sas.com/careers.html
Seequent,Software & Services,,https://www.seequent.com/careers/
Selecthub,Software & Services,,https://selecthub.com/careers/
Serve robotics,Transportation Technology,,https://www.serverobotics.com/careers/
Siemens,Software & Services,,https://new.siemens.com/us/en/company/jobs.html
SmartWyre,Software & Services,,https://smartwyre.com/careers/
Snowflake,Analytics & AI,,https://careers.snowflake.com/
Softheon,Analytics & AI,,https://www.softheon.com/careers/
Sondermind,Healthcare Technology,,https://www.sondermind.com/careers
Spekit,Education Technology,,https://spekit.com/careers/
Sunbit,Fintech,,https://sunbit.com/careers/
Switch Automation,Software & Services,,https://switchautomation.com/careers/
TalkDesk,Communications,,https://www.talkdesk.com/careers/
TaskRay,Software & Services,,https://taskray.com/careers/
TCW (Palantir Contracting),Public Safety,,https://www.palantir.com/careers/
Team Rubicon (non profit),Other,,https://teamrubiconusa.org/careers/
Team Snap,Other,,https://www.teamsnap.com/careers
TeKnowledge,Software & Services,,https://teknowledge.com/careers/
Tenemos,Fintech,,https://www.temenos.com/careers/
The Receptionist,Software & Services,,https://thereceptionist.com/careers/
Thomson Reuters,Analytics & AI,,https://careers.thomsonreuters.com/
TrackVia,Software & Services,,https://trackvia.com/careers/
Trimble,Software & Services,,https://careers.trimble.com/
Truu,Cybersecurity,,https://truu.ai/careers/
Ttec,Communications,,https://www.ttec.com/careers
TurboTenent,Real Estate Technology,,https://www.turbotenant.com/careers/
Turnkey,Software & Services,,https://www.turnkeytechnologies.com/careers/
Twilio,Communications,,https://www.twilio.com/careers
Tyler Tech,Government Technology,,https://tylertech.com/careers
UiPath,Software & Services,,https://www.uipath.com/careers
UJET,Communications,,https://ujet.com/careers/
Upgrade,Fintech,,https://upgrade.com/careers/
Upland RO Innovation,Software & Services,,https://uplandsoftware.com/careers/
Uru Sports,Other,,https://urusports.com/careers/
User Testing,Software & Services,,https://www.usertesting.com/careers
Ushahidi,Software & Services,,https://www.ushahidi.com/careers
Utility Inc.,Public Safety,,https://utility.com/careers/
Vendavo,Software & Services,,https://www.vendavo.com/careers/
Versaterm,Public Safety,,https://versaterm.com/careers/
Wing (by Alphabet),Transportation Technology,,https://wing.com/careers/
Xanalys,Public Safety,,https://www.ibm.com/careers
Xata,Cloud Services,,https://xata.io/careers
XTN Cognitive Security,Cybersecurity,,https://xtn-labs.com/careers/
Mambu,Fintech,,https://mambu.com/careers/
Sift,Cybersecurity,,https://sift.com/careers
Globo,Other,,https://theglobo.com/careers/
Replicant,Software & Services,,https://replicant.ai/careers/
Snapdocs,Real Estate Technology,,https://snapdocs.com/careers/
Cove,Real Estate Technology,,https://cove.com/careers/
CertifiD,Fintech,,https://www.certifid.com/careers/
Anywhere Real Estate Inc.,Real Estate Technology,,https://anywhere.re/careers/
Roofr,Real Estate Technology,,https://roofr.com/careers/
Hosify,Software & Services,,https://hosify.com/careers/
Opendoor,Real Estate Technology,,https://www.opendoor.com/careers
REI Hub,Real Estate Technology,,https://reihub.com/careers/
Bacflip,Real Estate Technology,,https://backflip.com/careers/
Appfolio,Real Estate Technology,,https://www.appfolio.com/careers
Rentec Direct,Real Estate Technology,,https://www.rentecdirect.com/careers.aspx
F5,Cybersecurity,,https://f5.com/careers
Seon,Cybersecurity,,https://seon.io/careers/
Silent Eight,Cybersecurity,,https://silenteight.com/careers/
Arctic Intelligence,Cybersecurity,,https://www.arctic-intelligence.com/careers/
Symphony AI,Analytics & AI,,https://www.symphony.com/careers/
KariVis,Other,,https://karivis.com/careers/
Truid,Fintech,,https://truid.app/careers/
Ocrolus,Analytics & AI,,https://ocrolus.com/careers/
Sagitec,Software & Services,,https://www.sagitec.com/careers/https://close.com/jobs/
Computronix,Software & Services,,https://www.computronix.com/careers/
Comtrac,Public Safety,,https://comtrac.com/careers/
Connect for Health Colorado,Insurance Technology,,https://connectforhealthco.com/careers/
CQG,Analytics & AI,,https://www.cqg.com/careers
CrossTrax,Public Safety,,https://crosstrax.com/careers/
D3 Security,Cybersecurity,,https://d3security.com/careers/
DarkOwl,Public Safety,,https://www.darkowl.com/careers/
Data Dog,Analytics & AI,,https://www.datadoghq.com/careers/
Dataiku,Analytics & AI,,https://careers.dataiku.com/
DataVisor,Cybersecurity,,https://www.datavisor.com/careers/
Documoto,Software & Services,,https://www.documoto.com/careers/
Elastic Suite,E-commerce,,https://www.elasticsuite.com/careers/
emite,Software & Services,,https://emite.com/careers/
Empower,Fintech,,https://www.empower.me/careers
Epsilon,Marketing Technology,,https://www.epsilon.com/careers
Equus,HR Technology,,https://www.equus.com/careers/
EverBridge,Communications,,https://careers.everbridge.com/
EverCommerce,Fintech,,https://www.evercommerce.com/careers/
EVO Snap,Fintech,,https://www.evosnap.com/careers/
Experian,Analytics & AI,,https://www.experianplc.com/careers/
Exterro,Software & Services,,https://www.exterro.com/careers/
FareHarbor,Software & Services,,https://fareharbor.com/careers/
Fastly,Cloud Services,,https://www.fastly.com/careers
Feedzai,Cybersecurity,,https://feedzai.com/careers/
FICO,Analytics & AI,,https://www.fico.com/en/careers
Filevine,Software & Services,,https://www.filevine.com/careers/
FinFolio,Fintech,,https://finfolio.com/careers/
First Arriving,Public Safety,,https://firstarriving.com/careers/
FIVE x 5 Solutions,Software & Services,,https://fivexfive.com/careers/
Five9,Communications,,https://www.five9.com/careers
Fivetran,Analytics & AI,,https://www.fivetran.com/careers
Flatfile,Software & Services,,https://flatfile.com/careers/
FluentStream,Communications,,https://www.fluentstream.com/careers/
FluoroFinder,Healthcare Technology,,https://www.fluorofinder.com/careers/
Flytedesk,Marketing Technology,,https://flytedesk.com/careers/
ForceMetrics,Public Safety,,https://www.forcemetrics.com/careers/
Freshworks,Software & Services,,https://www.freshworks.com/company/careers/
Frontstep,Real Estate Technology,,https://frontstep.com/careers/
Fullcontact,Analytics & AI,,https://www.fullcontact.com/careers/
Gatemaster,Software & Services,,https://www.gatemaster.com/careers/
General Dynamics,Public Safety,,https://gdmissionsystems.com/careers
Genesys,Communications,,https://www.genesys.com/careers
Genetec,Cybersecurity,,https://www.genetec.com/careers
GHX,Software & Services,,https://www.ghx.com/careers/
Gig smart,HR Technology,,https://www.gigsmart.com/careers/
Gogo Business Aviation,Communications,,https://www.gogoair.com/gogo-business/careers/
Granicus,Government Technology,,https://granicus.com/careers/
Gridics,Software & Services,,https://gridics.com/careers/
Guild Education,Education Technology,,https://www.guildeducation.com/careers/
Gusto,HR Technology,,https://gusto.com/careers
Gusto,HR Technology,,https://gusto.com/careers
Handbid,Software & Services,,https://www.handbid.com/careers/
Healthgrades,Healthcare Technology,,https://about.healthgrades.com/careers/
Hexagon,Software & Services,,https://hexagon.com/careers
Highwing,Insurance Technology,,https://www.flyhighwing.com/careers
Homebot,Real Estate Technology,,https://homebot.ai/careers/
Huntington Bank,Fintech,,https://www.huntington.com/careers
i2 Suite,Public Safety,,https://www.i2inc.com/careers/
Intervoke,Healthcare Technology,,https://intervoke.com/careers/
Intranext Systems,Communications,,https://intranext.com/careers/
Invisible Technologies,Software & Services,,https://invisible.co/