Company,Industry,City,Careers Site URL,Company_Size,Primary_Source,Indeed_URL,AngelList_URL,Glassdoor_URL,Backup_Strategy,Careers URL,Indeed Search
8x8,Communications,,https://www.8x8.com/careers/jobs,Medium,careers_page,"https://www.indeed.com/jobs?q=company:""8x8""&l=nan,CO",,https://www.glassdoor.com/Jobs/8x8-Jobs-E12345.htm,"careers_page,indeed",,
A2Z Drone Delivery,Transportation Technology,,https://www.a2zdronedelivery.com/careers,Medium,careers_page,"https://www.indeed.com/jobs?q=company:""A2Z Drone Delivery""&l=nan,CO",,https://www.glassdoor.com/Jobs/A2Z-Drone-Delivery-Jobs-E12345.htm,"careers_page,indeed",,
A2ZSync,Software & Services,Greenwood Village,https://a2zsync.com/careers,Medium,careers_page,"https://www.indeed.com/jobs?q=company:""A2ZSync""&l=Greenwood Village,CO",,https://www.glassdoor.com/Jobs/A2ZSync-Jobs-E12345.htm,"careers_page,indeed",,
AbsenceSoft,Software & Services,Golden,https://absencesoft.com/careers/#openings,Medium,careers_page,"https://www.indeed.com/jobs?q=company:""AbsenceSoft""&l=Golden,CO",,https://www.glassdoor.com/Jobs/AbsenceSoft-Jobs-E12345.htm,"careers_page,indeed",,
Absio,Cybersecurity,Littleton,,Small,job_boards,"https://www.indeed.com/jobs?q=company:""Absio""&l=Littleton,CO",https://angel.co/company/absio/jobs,https://www.glassdoor.com/Jobs/Absio-Jobs-E12345.htm,"indeed,angellist,glassdoor",,
Accelo,Other,Denver,https://accelo.hire.trakstar.com/?,Medium,careers_page,"https://www.indeed.com/jobs?q=company:""Accelo""&l=Denver,CO",,https://www.glassdoor.com/Jobs/Accelo-Jobs-E12345.htm,"careers_page,indeed",,
Accruent,Real Estate Technology,Centennial,https://fortive.eightfold.ai/careers?location=any&pid=893382671752&Operating%20Company=Accruent&domain=fortive.com&sort_by=relevance&jobIndex=0,Small,careers_page,"https://www.indeed.com/jobs?q=company:""Accruent""&l=Centennial,CO",https://angel.co/company/accruent/jobs,https://www.glassdoor.com/Jobs/Accruent-Jobs-E12345.htm,"indeed,angellist,glassdoor",,
AccuBar,E-commerce,Centennial,https://birchstreet.isolvedhire.com/jobs/,Medium,careers_page,"https://www.indeed.com/jobs?q=company:""AccuBar""&l=Centennial,CO",,https://www.glassdoor.com/Jobs/AccuBar-Jobs-E12345.htm,"careers_page,indeed",,
ACI Worldwide,Fintech,,https://ebwg.fa.us2.oraclecloud.com/hcmUI/CandidateExperience/en/sites/CX/jobs?lastSelectedFacet=LOCATIONS&selectedLocationsFacet=300000000300470,Medium,careers_page,"https://www.indeed.com/jobs?q=company:""ACI Worldwide""&l=nan,CO",,https://www.glassdoor.com/Jobs/ACI-Worldwide-Jobs-E12345.htm,"careers_page,indeed",,
AdAction,Software & Services,Lakewood,https://workforcenow.adp.com/mascsr/default/mdf/recruitment/recruitment.html?cid=1ad964e1-2111-432a-a530-7c51571c6374&ccId=19000101_000001&lang=en_US,Medium,careers_page,"https://www.indeed.com/jobs?q=company:""AdAction""&l=Lakewood,CO",,https://www.glassdoor.com/Jobs/AdAction-Jobs-E12345.htm,"careers_page,indeed",,
AdCellerant,Marketing Technology,Denver,https://adcellerant.com/career-job-listing/,Medium,careers_page,"https://www.indeed.com/jobs?q=company:""AdCellerant""&l=Denver,CO",,https://www.glassdoor.com/Jobs/AdCellerant-Jobs-E12345.htm,"careers_page,indeed",,
Advanced Fraud Solutions,Cybersecurity,,,Small,job_boards,"https://www.indeed.com/jobs?q=company:""Advanced Fraud Solutions""&l=nan,CO",https://angel.co/company/advanced-fraud-solutions/jobs,https://www.glassdoor.com/Jobs/Advanced-Fraud-Solutions-Jobs-E12345.htm,"indeed,angellist,glassdoor",,
Aircall,Communications,,https://aircall.io/careers/#open-positions,Medium,careers_page,"https://www.indeed.com/jobs?q=company:""Aircall""&l=nan,CO",,https://www.glassdoor.com/Jobs/Aircall-Jobs-E12345.htm,"careers_page,indeed",,
Airwallex,Fintech,,https://careers.airwallex.com/jobs,Medium,careers_page,"https://www.indeed.com/jobs?q=company:""Airwallex""&l=nan,CO",,https://www.glassdoor.com/Jobs/Airwallex-Jobs-E12345.htm,"careers_page,indeed",,
AlertMedia,Analytics & AI,,https://www.alertmedia.com/careers,Small,careers_page,"https://www.indeed.com/jobs?q=company:""AlertMedia""&l=nan,CO",https://angel.co/company/alertmedia/jobs,https://www.glassdoor.com/Jobs/AlertMedia-Jobs-E12345.htm,"indeed,angellist,glassdoor",,
ALM,Analytics & AI,Centennial,https://www.alm.com/current-openings/,Small,careers_page,"https://www.indeed.com/jobs?q=company:""ALM""&l=Centennial,CO",https://angel.co/company/alm/jobs,https://www.glassdoor.com/Jobs/ALM-Jobs-E12345.htm,"indeed,angellist,glassdoor",,
Alpha Pro Tech LTD.,Healthcare Technology,,,Medium,job_boards,"https://www.indeed.com/jobs?q=company:""Alpha Pro Tech LTD.""&l=nan,CO",,https://www.glassdoor.com/Jobs/Alpha-Pro-Tech-LTD.-Jobs-E12345.htm,"careers_page,indeed",,
Alterian,Marketing Technology,Denver,https://www.alterian.com/about-us/careers/,Medium,careers_page,"https://www.indeed.com/jobs?q=company:""Alterian""&l=Denver,CO",,https://www.glassdoor.com/Jobs/Alterian-Jobs-E12345.htm,"careers_page,indeed",,
Alteryx,Analytics & AI,Broomfield,https://alteryx.wd108.myworkdayjobs.com/AlteryxCareers,Large,careers_page,"https://www.indeed.com/jobs?q=company:""Alteryx""&l=Broomfield,CO",,https://www.glassdoor.com/Jobs/Alteryx-Jobs-E12345.htm,careers_page_only,,
Altvia,Software & Services,Broomfield,https://altvia.com/careers/#jobs,Medium,careers_page,"https://www.indeed.com/jobs?q=company:""Altvia""&l=Broomfield,CO",,https://www.glassdoor.com/Jobs/Altvia-Jobs-E12345.htm,"careers_page,indeed",,
Amplifire,Education Technology,Boulder,https://amplifire.com/careers-opportunities-at-amplifire/,Medium,careers_page,"https://www.indeed.com/jobs?q=company:""Amplifire""&l=Boulder,CO",,https://www.glassdoor.com/Jobs/Amplifire-Jobs-E12345.htm,"careers_page,indeed",,
Anduril,Public Safety,,https://www.anduril.com/open-roles/?location=Boulder%2C+Colorado%2C+United+States_Broomfield%2C+Colorado%2C+United+States_Remote_USA&department=&search=&gh_src=,Medium,careers_page,"https://www.indeed.com/jobs?q=company:""Anduril""&l=nan,CO",,https://www.glassdoor.com/Jobs/Anduril-Jobs-E12345.htm,"careers_page,indeed",,
Angi,Other,Denver,https://www.angi.com/careers/jobs,Medium,careers_page,"https://www.indeed.com/jobs?q=company:""Angi""&l=Denver,CO",,https://www.glassdoor.com/Jobs/Angi-Jobs-E12345.htm,"careers_page,indeed",,
Appian,Healthcare Technology,,https://careers.appian.com/jobs?jobs-location=jobs-location%3Adenver--colorado&jobs-location=jobs-location%3Aunited-states,Medium,careers_page,"https://www.indeed.com/jobs?q=company:""Appian""&l=nan,CO",,https://www.glassdoor.com/Jobs/Appian-Jobs-E12345.htm,"careers_page,indeed",,
Apptio (part of IBM),Software & Services,Boulder,https://www.ibm.com/careers/search?field_keyword_05[0]=United%20States&q=APPTIO,Medium,careers_page,"https://www.indeed.com/jobs?q=company:""Apptio (part of IBM)""&l=Boulder,CO",,https://www.glassdoor.com/Jobs/Apptio-(part-of-IBM)-Jobs-E12345.htm,"careers_page,indeed",,
Aquaoso,Analytics & AI,Denver,https://aquaoso.com/careers/,Small,careers_page,"https://www.indeed.com/jobs?q=company:""Aquaoso""&l=Denver,CO",https://angel.co/company/aquaoso/jobs,https://www.glassdoor.com/Jobs/Aquaoso-Jobs-E12345.htm,"indeed,angellist,glassdoor",,
ARC,Software & Services,Denver,https://jobs.jobvite.com/arc/jobs/viewall,Medium,careers_page,"https://www.indeed.com/jobs?q=company:""ARC""&l=Denver,CO",,https://www.glassdoor.com/Jobs/ARC-Jobs-E12345.htm,"careers_page,indeed",,
Argis Solutions,Software & Services,Aurora,https://www.argis.com/careers,Small,careers_page,"https://www.indeed.com/jobs?q=company:""Argis Solutions""&l=Aurora,CO",https://angel.co/company/argis-solutions/jobs,https://www.glassdoor.com/Jobs/Argis-Solutions-Jobs-E12345.htm,"indeed,angellist,glassdoor",,
Ascent360,Other,Golden,https://ascent360.com/about/careers/#open-positions,Medium,careers_page,"https://www.indeed.com/jobs?q=company:""Ascent360""&l=Golden,CO",,https://www.glassdoor.com/Jobs/Ascent360-Jobs-E12345.htm,"careers_page,indeed",,
AssetSense,Other,Broomfield,,Medium,job_boards,"https://www.indeed.com/jobs?q=company:""AssetSense""&l=Broomfield,CO",,https://www.glassdoor.com/Jobs/AssetSense-Jobs-E12345.htm,"careers_page,indeed",,
Automation Anywhere,Other,,https://www.automationanywhere.com/company/careers/all,Medium,careers_page,"https://www.indeed.com/jobs?q=company:""Automation Anywhere""&l=nan,CO",,https://www.glassdoor.com/Jobs/Automation-Anywhere-Jobs-E12345.htm,"careers_page,indeed",,
Axon,Public Safety,,https://www.axon.com/careers/all,Medium,careers_page,"https://www.indeed.com/jobs?q=company:""Axon""&l=nan,CO",,https://www.glassdoor.com/Jobs/Axon-Jobs-E12345.htm,"careers_page,indeed",,
BeSmartee,Fintech,,https://www.besmartee.com/careers/#jobs,Medium,careers_page,"https://www.indeed.com/jobs?q=company:""BeSmartee""&l=nan,CO",,https://www.glassdoor.com/Jobs/BeSmartee-Jobs-E12345.htm,"careers_page,indeed",,
Better,Fintech,,https://jobs.lever.co/better,Medium,careers_page,"https://www.indeed.com/jobs?q=company:""Better""&l=nan,CO",,https://www.glassdoor.com/Jobs/Better-Jobs-E12345.htm,"careers_page,indeed",,
BiggerPockets,Real Estate Technology,Denver,https://www.biggerpockets.com/careers,Small,careers_page,"https://www.indeed.com/jobs?q=company:""BiggerPockets""&l=Denver,CO",https://angel.co/company/biggerpockets/jobs,https://www.glassdoor.com/Jobs/BiggerPockets-Jobs-E12345.htm,"indeed,angellist,glassdoor",,
BillingPlatform,Enterprise Software,Centennial,https://apply.workable.com/billingplatform-1/,Medium,careers_page,"https://www.indeed.com/jobs?q=company:""BillingPlatform""&l=Centennial,CO",,https://www.glassdoor.com/Jobs/BillingPlatform-Jobs-E12345.htm,"careers_page,indeed",,
Billtrust,Other,Denver,https://apply.workable.com/billingplatform-1/#jobs,Medium,careers_page,"https://www.indeed.com/jobs?q=company:""Billtrust""&l=Denver,CO",,https://www.glassdoor.com/Jobs/Billtrust-Jobs-E12345.htm,"careers_page,indeed",,
Bilt Rewards,Fintech,,https://www.biltrewards.com/p/careers,Medium,careers_page,"https://www.indeed.com/jobs?q=company:""Bilt Rewards""&l=nan,CO",,https://www.glassdoor.com/Jobs/Bilt-Rewards-Jobs-E12345.htm,"careers_page,indeed",,
Blend,Other,,https://blend.com/company/careers/job-openings/,Medium,careers_page,"https://www.indeed.com/jobs?q=company:""Blend""&l=nan,CO",,https://www.glassdoor.com/Jobs/Blend-Jobs-E12345.htm,"careers_page,indeed",,
Bombora,Marketing Technology,Denver,https://bombora.com/about/careers,Medium,careers_page,"https://www.indeed.com/jobs?q=company:""Bombora""&l=Denver,CO",,https://www.glassdoor.com/Jobs/Bombora-Jobs-E12345.htm,"careers_page,indeed",,
Brandfolder (Smartsheet Company),Other,Denver,https://brandfolder.com/careers/,Medium,careers_page,"https://www.indeed.com/jobs?q=company:""Brandfolder (Smartsheet Company)""&l=Denver,CO",,https://www.glassdoor.com/Jobs/Brandfolder-(Smartsheet-Company)-Jobs-E12345.htm,"careers_page,indeed",,
Brightfin,Other,Centennial,https://brightfin.bamboohr.com/careers,Medium,careers_page,"https://www.indeed.com/jobs?q=company:""Brightfin""&l=Centennial,CO",,https://www.glassdoor.com/Jobs/Brightfin-Jobs-E12345.htm,"careers_page,indeed",,
Brightwave,Fintech,,,Small,job_boards,"https://www.indeed.com/jobs?q=company:""Brightwave""&l=nan,CO",https://angel.co/company/brightwave/jobs,https://www.glassdoor.com/Jobs/Brightwave-Jobs-E12345.htm,"indeed,angellist,glassdoor",https://www.linkedin.com/company/brightwaveio/jobs/,
Brightwheel,Education Technology,Denver,https://jobs.lever.co/brightwheel,Medium,careers_page,"https://www.indeed.com/jobs?q=company:""Brightwheel""&l=Denver,CO",,https://www.glassdoor.com/Jobs/Brightwheel-Jobs-E12345.htm,"careers_page,indeed",,
burstIQ,Analytics & AI,Denver,https://burstiq.com/careers/,Small,careers_page,"https://www.indeed.com/jobs?q=company:""burstIQ""&l=Denver,CO",https://angel.co/company/burstiq/jobs,https://www.glassdoor.com/Jobs/burstIQ-Jobs-E12345.htm,"indeed,angellist,glassdoor",,
C-Zentrix,Other,,https://www.c-zentrix.com/careers,Medium,careers_page,"https://www.indeed.com/jobs?q=company:""C-Zentrix""&l=nan,CO",,https://www.glassdoor.com/Jobs/C-Zentrix-Jobs-E12345.htm,"careers_page,indeed",,
Call Center Studio,Other,,,Medium,job_boards,"https://www.indeed.com/jobs?q=company:""Call Center Studio""&l=nan,CO",,https://www.glassdoor.com/Jobs/Call-Center-Studio-Jobs-E12345.htm,"careers_page,indeed",,
Carbyne,Communications,,https://carbyne.com/company/careers/,Medium,careers_page,"https://www.indeed.com/jobs?q=company:""Carbyne""&l=nan,CO",,https://www.glassdoor.com/Jobs/Carbyne-Jobs-E12345.htm,"careers_page,indeed",,
Case Closed,Public Safety,,https://www.caseiq.com/careers/,Medium,careers_page,"https://www.indeed.com/jobs?q=company:""Case Closed""&l=nan,CO",,https://www.glassdoor.com/Jobs/Case-Closed-Jobs-E12345.htm,"careers_page,indeed",,
Casebuilder,Public Safety,,https://www.soundthinking.com/careers/,Medium,careers_page,"https://www.indeed.com/jobs?q=company:""Casebuilder""&l=nan,CO",,https://www.glassdoor.com/Jobs/Casebuilder-Jobs-E12345.htm,"careers_page,indeed",,
Cellebrite,Public Safety,,https://apply.workable.com/cellebrite-1/,Medium,careers_page,"https://www.indeed.com/jobs?q=company:""Cellebrite""&l=nan,CO",,https://www.glassdoor.com/Jobs/Cellebrite-Jobs-E12345.htm,"careers_page,indeed",,
CentralSquare Public Safety Pro Suite,Public Safety,,https://centralsquare.com/careers/,Medium,careers_page,"https://www.indeed.com/jobs?q=company:""CentralSquare Public Safety Pro Suite""&l=nan,CO",,https://www.glassdoor.com/Jobs/CentralSquare-Public-Safety-Pro-Suite-Jobs-E12345.htm,"careers_page,indeed",,
Choozle,Marketing Technology,Denver,https://choozle.com/careers/,Medium,careers_page,"https://www.indeed.com/jobs?q=company:""Choozle""&l=Denver,CO",,https://www.glassdoor.com/Jobs/Choozle-Jobs-E12345.htm,"careers_page,indeed",,
Cin7,E-commerce,,https://www.cin7.com/careers/,Medium,careers_page,"https://www.indeed.com/jobs?q=company:""Cin7""&l=nan,CO",,https://www.glassdoor.com/Jobs/Cin7-Jobs-E12345.htm,"careers_page,indeed",,
Clearview AI,Public Safety,,https://www.clearview.ai/careers,Medium,careers_page,"https://www.indeed.com/jobs?q=company:""Clearview AI""&l=nan,CO",,https://www.glassdoor.com/Jobs/Clearview-AI-Jobs-E12345.htm,"careers_page,indeed",,
Clinical Ink,Healthcare Technology,,https://clinicalink.com/company/careers/,Medium,careers_page,"https://www.indeed.com/jobs?q=company:""Clinical Ink""&l=nan,CO",,https://www.glassdoor.com/Jobs/Clinical-Ink-Jobs-E12345.htm,"careers_page,indeed",,
Close,Enterprise Software,,https://close.com/jobs/,Medium,careers_page,"https://www.indeed.com/jobs?q=company:""Close""&l=nan,CO",,https://www.glassdoor.com/Jobs/Close-Jobs-E12345.htm,"careers_page,indeed",,
Computronix,Software & Services,,https://computronix.com/about-us/careers/,Medium,careers_page,"https://www.indeed.com/jobs?q=company:""Computronix""&l=nan,CO",,https://www.glassdoor.com/Jobs/Computronix-Jobs-E12345.htm,"careers_page,indeed",,
Comtrac,Public Safety,,,Small,job_boards,"https://www.indeed.com/jobs?q=company:""Comtrac""&l=nan,CO",https://angel.co/company/comtrac/jobs,https://www.glassdoor.com/Jobs/Comtrac-Jobs-E12345.htm,"indeed,angellist,glassdoor",,
Connect for Health Colorado,Insurance Technology,,https://connectforhealthco.com/about-us/employment/,Medium,careers_page,"https://www.indeed.com/jobs?q=company:""Connect for Health Colorado""&l=nan,CO",,https://www.glassdoor.com/Jobs/Connect-for-Health-Colorado-Jobs-E12345.htm,"careers_page,indeed",,
CQG,Analytics & AI,,https://workforcenow.adp.com/mascsr/default/mdf/recruitment/recruitment.html?cid=d941071c-bf35-4bb0-a7bb-4e0480b279fe&ccId=19000101_000001&type=JS&lang=en_US,Small,careers_page,"https://www.indeed.com/jobs?q=company:""CQG""&l=nan,CO",https://angel.co/company/cqg/jobs,https://www.glassdoor.com/Jobs/CQG-Jobs-E12345.htm,"indeed,angellist,glassdoor",,
CrossTrax,Public Safety,,,Medium,job_boards,"https://www.indeed.com/jobs?q=company:""CrossTrax""&l=nan,CO",,https://www.glassdoor.com/Jobs/CrossTrax-Jobs-E12345.htm,"careers_page,indeed",,
D3 Security,Cybersecurity,,https://d3security.com/company/careers/,Small,careers_page,"https://www.indeed.com/jobs?q=company:""D3 Security""&l=nan,CO",https://angel.co/company/d3-security/jobs,https://www.glassdoor.com/Jobs/D3-Security-Jobs-E12345.htm,"indeed,angellist,glassdoor",,
DarkOwl,Public Safety,,https://www.darkowl.com/careers/,Small,careers_page,"https://www.indeed.com/jobs?q=company:""DarkOwl""&l=nan,CO",https://angel.co/company/darkowl/jobs,https://www.glassdoor.com/Jobs/DarkOwl-Jobs-E12345.htm,"indeed,angellist,glassdoor",,
Data Dog,Analytics & AI,,https://www.datadoghq.com/careers,Large,careers_page,"https://www.indeed.com/jobs?q=company:""Data Dog""&l=nan,CO",,https://www.glassdoor.com/Jobs/Data-Dog-Jobs-E12345.htm,careers_page_only,,
Dataiku,Analytics & AI,,https://www.dataiku.com/careers/,Small,careers_page,"https://www.indeed.com/jobs?q=company:""Dataiku""&l=nan,CO",https://angel.co/company/dataiku/jobs,https://www.glassdoor.com/Jobs/Dataiku-Jobs-E12345.htm,"indeed,angellist,glassdoor",,
DataVisor,Cybersecurity,,https://www.datavisor.com/about4/careers/#jobs,Small,careers_page,"https://www.indeed.com/jobs?q=company:""DataVisor""&l=nan,CO",https://angel.co/company/datavisor/jobs,https://www.glassdoor.com/Jobs/DataVisor-Jobs-E12345.htm,"indeed,angellist,glassdoor",,
Documoto,Software & Services,,https://documoto.com/careers/,Medium,careers_page,"https://www.indeed.com/jobs?q=company:""Documoto""&l=nan,CO",,https://www.glassdoor.com/Jobs/Documoto-Jobs-E12345.htm,"careers_page,indeed",,
Elastic Suite,E-commerce,,https://www.elastic.co/careers/,Medium,careers_page,"https://www.indeed.com/jobs?q=company:""Elastic Suite""&l=nan,CO",,https://www.glassdoor.com/Jobs/Elastic-Suite-Jobs-E12345.htm,"careers_page,indeed",,
emite,Other,,https://www.emite.com/careers/,Small,careers_page,"https://www.indeed.com/jobs?q=company:""emite""&l=nan,CO",https://angel.co/company/emite/jobs,https://www.glassdoor.com/Jobs/emite-Jobs-E12345.htm,"indeed,angellist,glassdoor",,
Empower,Fintech,Denver,https://www.empower.me/careers,Medium,careers_page,"https://www.indeed.com/jobs?q=company:""Empower""&l=Denver,CO",,https://www.glassdoor.com/Jobs/Empower-Jobs-E12345.htm,"careers_page,indeed",,
Epsilon,Marketing Technology,,https://www.epsilon.com/us/careers,Medium,careers_page,"https://www.indeed.com/jobs?q=company:""Epsilon""&l=nan,CO",,https://www.glassdoor.com/Jobs/Epsilon-Jobs-E12345.htm,"careers_page,indeed",,
Equus,Other,,https://equus.bamboohr.com/careers/,Medium,careers_page,"https://www.indeed.com/jobs?q=company:""Equus""&l=nan,CO",,https://www.glassdoor.com/Jobs/Equus-Jobs-E12345.htm,"careers_page,indeed",,
EverBridge,Communications,,https://www.everbridge.com/company/careers/,Medium,careers_page,"https://www.indeed.com/jobs?q=company:""EverBridge""&l=nan,CO",,https://www.glassdoor.com/Jobs/EverBridge-Jobs-E12345.htm,"careers_page,indeed",,
EverCommerce,Other,Denver,https://www.evercommerce.com/careers,Medium,careers_page,"https://www.indeed.com/jobs?q=company:""EverCommerce""&l=Denver,CO",,https://www.glassdoor.com/Jobs/EverCommerce-Jobs-E12345.htm,"careers_page,indeed",,
EVO Snap,Fintech,Westminster,https://evosnap.com/careers/,Medium,careers_page,"https://www.indeed.com/jobs?q=company:""EVO Snap""&l=Westminster,CO",,https://www.glassdoor.com/Jobs/EVO-Snap-Jobs-E12345.htm,"careers_page,indeed",,
Experian,Analytics & AI,,https://www.experianplc.com/careers/,Large,careers_page,"https://www.indeed.com/jobs?q=company:""Experian""&l=nan,CO",,https://www.glassdoor.com/Jobs/Experian-Jobs-E12345.htm,careers_page_only,,
Exterro,Other,,https://www.exterro.com/company/careers/,Medium,careers_page,"https://www.indeed.com/jobs?q=company:""Exterro""&l=nan,CO",,https://www.glassdoor.com/Jobs/Exterro-Jobs-E12345.htm,"careers_page,indeed",,
FareHarbor,Other,,https://fareharbor.com/careers/,Medium,careers_page,"https://www.indeed.com/jobs?q=company:""FareHarbor""&l=nan,CO",,https://www.glassdoor.com/Jobs/FareHarbor-Jobs-E12345.htm,"careers_page,indeed",,
Fastly,Cloud Services,,https://www.fastly.com/about/careers,Large,careers_page,"https://www.indeed.com/jobs?q=company:""Fastly""&l=nan,CO",,https://www.glassdoor.com/Jobs/Fastly-Jobs-E12345.htm,careers_page_only,,
Feedzai,Cybersecurity,,https://careers.feedzai.com/,Small,careers_page,"https://www.indeed.com/jobs?q=company:""Feedzai""&l=nan,CO",https://angel.co/company/feedzai/jobs,https://www.glassdoor.com/Jobs/Feedzai-Jobs-E12345.htm,"indeed,angellist,glassdoor",,
FICO,Analytics & AI,,https://www.fico.com/careers,Small,careers_page,"https://www.indeed.com/jobs?q=company:""FICO""&l=nan,CO",https://angel.co/company/fico/jobs,https://www.glassdoor.com/Jobs/FICO-Jobs-E12345.htm,"indeed,angellist,glassdoor",,
Filevine,Software & Services,,https://www.filevine.com/careers/,Medium,careers_page,"https://www.indeed.com/jobs?q=company:""Filevine""&l=nan,CO",,https://www.glassdoor.com/Jobs/Filevine-Jobs-E12345.htm,"careers_page,indeed",,
FinFolio,Fintech,,https://www.finfolio.com/careers/,Medium,careers_page,"https://www.indeed.com/jobs?q=company:""FinFolio""&l=nan,CO",,https://www.glassdoor.com/Jobs/FinFolio-Jobs-E12345.htm,"careers_page,indeed",,
First Arriving,Public Safety,,https://firstarriving.com/careers/,Medium,careers_page,"https://www.indeed.com/jobs?q=company:""First Arriving""&l=nan,CO",,https://www.glassdoor.com/Jobs/First-Arriving-Jobs-E12345.htm,"careers_page,indeed",,
FIVE x 5 Solutions,Software & Services,,https://fivexfive.com/careers/,Medium,careers_page,"https://www.indeed.com/jobs?q=company:""FIVE x 5 Solutions""&l=nan,CO",,https://www.glassdoor.com/Jobs/FIVE-x-5-Solutions-Jobs-E12345.htm,"careers_page,indeed",,
Five9,Communications,,https://www.five9.com/about/careers/jobs#grnhse_app,Medium,careers_page,"https://www.indeed.com/jobs?q=company:""Five9""&l=nan,CO",,https://www.glassdoor.com/Jobs/Five9-Jobs-E12345.htm,"careers_page,indeed",,
Fivetran,Analytics & AI,,https://www.fivetran.com/careers,Small,careers_page,"https://www.indeed.com/jobs?q=company:""Fivetran""&l=nan,CO",https://angel.co/company/fivetran/jobs,https://www.glassdoor.com/Jobs/Fivetran-Jobs-E12345.htm,"indeed,angellist,glassdoor",,
Flatfile,Software & Services,,https://flatfile.com/careers/,Medium,careers_page,"https://www.indeed.com/jobs?q=company:""Flatfile""&l=nan,CO",,https://www.glassdoor.com/Jobs/Flatfile-Jobs-E12345.htm,"careers_page,indeed",,
FluentStream,Communications,,https://fluentstream.applytojob.com/apply/Wr5ru22GGZ/Future-Opportunities?source=Our%20Career%20Page%20Widget,Medium,careers_page,"https://www.indeed.com/jobs?q=company:""FluentStream""&l=nan,CO",,https://www.glassdoor.com/Jobs/FluentStream-Jobs-E12345.htm,"careers_page,indeed",,
FluoroFinder,Healthcare Technology,,https://www.fluorofinder.com/careers/,Medium,careers_page,"https://www.indeed.com/jobs?q=company:""FluoroFinder""&l=nan,CO",,https://www.glassdoor.com/Jobs/FluoroFinder-Jobs-E12345.htm,"careers_page,indeed",,
Flytedesk,Marketing Technology,,https://flytedesk.com/careers/,Small,careers_page,"https://www.indeed.com/jobs?q=company:""Flytedesk""&l=nan,CO",https://angel.co/company/flytedesk/jobs,https://www.glassdoor.com/Jobs/Flytedesk-Jobs-E12345.htm,"indeed,angellist,glassdoor",,
ForceMetrics,Public Safety,,https://apply.workable.com/forcemetrics/,Medium,careers_page,"https://www.indeed.com/jobs?q=company:""ForceMetrics""&l=nan,CO",,https://www.glassdoor.com/Jobs/ForceMetrics-Jobs-E12345.htm,"careers_page,indeed",,
Freshworks,Software & Services,,https://www.freshworks.com/company/careers/,Medium,careers_page,"https://www.indeed.com/jobs?q=company:""Freshworks""&l=nan,CO",,https://www.glassdoor.com/Jobs/Freshworks-Jobs-E12345.htm,"careers_page,indeed",,
Frontstep,Real Estate Technology,,https://frontstep.com/careers/,Small,careers_page,"https://www.indeed.com/jobs?q=company:""Frontstep""&l=nan,CO",https://angel.co/company/frontstep/jobs,https://www.glassdoor.com/Jobs/Frontstep-Jobs-E12345.htm,"indeed,angellist,glassdoor",https://jobs.lever.co/frontsteps,
Fullcontact,Analytics & AI,Denver,https://www.fullcontact.com/about/careers,Small,careers_page,"https://www.indeed.com/jobs?q=company:""Fullcontact""&l=Denver,CO",https://angel.co/company/fullcontact/jobs,https://www.glassdoor.com/Jobs/Fullcontact-Jobs-E12345.htm,"indeed,angellist,glassdoor",,
Gatemaster,Software & Services,,https://gatemaster.com/careers/,Medium,careers_page,"https://www.indeed.com/jobs?q=company:""Gatemaster""&l=nan,CO",,https://www.glassdoor.com/Jobs/Gatemaster-Jobs-E12345.htm,"careers_page,indeed",,
General Dynamics,Public Safety,,https://gdmissionsystems.com/careers,Large,careers_page,"https://www.indeed.com/jobs?q=company:""General Dynamics""&l=nan,CO",,https://www.glassdoor.com/Jobs/General-Dynamics-Jobs-E12345.htm,careers_page_only,,
Genesys,Communications,,https://www.genesys.com/careers,Large,careers_page,"https://www.indeed.com/jobs?q=company:""Genesys""&l=nan,CO",,https://www.glassdoor.com/Jobs/Genesys-Jobs-E12345.htm,careers_page_only,,
Genetec,Cybersecurity,,https://www.genetec.com/careers,Small,careers_page,"https://www.indeed.com/jobs?q=company:""Genetec""&l=nan,CO",https://angel.co/company/genetec/jobs,https://www.glassdoor.com/Jobs/Genetec-Jobs-E12345.htm,"indeed,angellist,glassdoor",,
GHX,Software & Services,,https://www.ghx.com/about/careers/,Medium,careers_page,"https://www.indeed.com/jobs?q=company:""GHX""&l=nan,CO",,https://www.glassdoor.com/Jobs/GHX-Jobs-E12345.htm,"careers_page,indeed",,
Gig smart,HR Technology,,https://www.gigsmart.com/about/careers,Medium,careers_page,"https://www.indeed.com/jobs?q=company:""Gig smart""&l=nan,CO",,https://www.glassdoor.com/Jobs/Gig-smart-Jobs-E12345.htm,"careers_page,indeed",,
Gogo Business Aviation,Communications,,https://jobs.jobvite.com/gogo/,Medium,careers_page,"https://www.indeed.com/jobs?q=company:""Gogo Business Aviation""&l=nan,CO",,https://www.glassdoor.com/Jobs/Gogo-Business-Aviation-Jobs-E12345.htm,"careers_page,indeed",,
Granicus,Government Technology,,https://granicus.com/careers/,Medium,careers_page,"https://www.indeed.com/jobs?q=company:""Granicus""&l=nan,CO",,https://www.glassdoor.com/Jobs/Granicus-Jobs-E12345.htm,"careers_page,indeed",,
Gridics,Other,,https://gridics.com/careers/,Small,careers_page,"https://www.indeed.com/jobs?q=company:""Gridics""&l=nan,CO",https://angel.co/company/gridics/jobs,https://www.glassdoor.com/Jobs/Gridics-Jobs-E12345.htm,"indeed,angellist,glassdoor",,
Guild Education,Education Technology,Denver,https://www.guildeducation.com/careers,Medium,careers_page,"https://www.indeed.com/jobs?q=company:""Guild Education""&l=Denver,CO",,https://www.glassdoor.com/Jobs/Guild-Education-Jobs-E12345.htm,"careers_page,indeed",,
Gusto,HR Technology,,https://gusto.com/about/careers/join-the-team,Medium,careers_page,"https://www.indeed.com/jobs?q=company:""Gusto""&l=nan,CO",,https://www.glassdoor.com/Jobs/Gusto-Jobs-E12345.htm,"careers_page,indeed",https://gusto.com/about/careers/join-the-team,
Handbid,Software & Services,,https://www.handbid.com/careers/,Medium,careers_page,"https://www.indeed.com/jobs?q=company:""Handbid""&l=nan,CO",,https://www.glassdoor.com/Jobs/Handbid-Jobs-E12345.htm,"careers_page,indeed",,
Healthgrades,Healthcare Technology,Denver,https://www.rvohealth.com/careers#open-positions,Medium,careers_page,"https://www.indeed.com/jobs?q=company:""Healthgrades""&l=Denver,CO",,https://www.glassdoor.com/Jobs/Healthgrades-Jobs-E12345.htm,"careers_page,indeed",,
Hexagon,Software & Services,,https://hexagon.com/careers,Medium,careers_page,"https://www.indeed.com/jobs?q=company:""Hexagon""&l=nan,CO",,https://www.glassdoor.com/Jobs/Hexagon-Jobs-E12345.htm,"careers_page,indeed",,
Highwing,Other,,https://www.highwing.io/careers,Medium,careers_page,"https://www.indeed.com/jobs?q=company:""Highwing""&l=nan,CO",,https://www.glassdoor.com/Jobs/Highwing-Jobs-E12345.htm,"careers_page,indeed",,
Homebot,Real Estate Technology,,https://homebot.breezy.hr/,Small,careers_page,"https://www.indeed.com/jobs?q=company:""Homebot""&l=nan,CO",https://angel.co/company/homebot/jobs,https://www.glassdoor.com/Jobs/Homebot-Jobs-E12345.htm,"indeed,angellist,glassdoor",,
Huntington Bank,Fintech,,https://www.huntington.com/careers,Large,careers_page,"https://www.indeed.com/jobs?q=company:""Huntington Bank""&l=nan,CO",,https://www.glassdoor.com/Jobs/Huntington-Bank-Jobs-E12345.htm,careers_page_only,https://huntington-careers.com/search/searchjobs?radius=25,
i2 Suite,Public Safety,,https://harriscomputer.wd3.myworkdayjobs.com/en-US/1?q=i2,Medium,careers_page,"https://www.indeed.com/jobs?q=company:""i2 Suite""&l=nan,CO",,https://www.glassdoor.com/Jobs/i2-Suite-Jobs-E12345.htm,"careers_page,indeed",,
Intervoke,Education Technology,,https://intervoke.com/careers/,Medium,careers_page,"https://www.indeed.com/jobs?q=company:""Intervoke""&l=nan,CO",,https://www.glassdoor.com/Jobs/Intervoke-Jobs-E12345.htm,"careers_page,indeed",,
Intranext Systems,Communications,,https://intranext.com/careers/,Medium,careers_page,"https://www.indeed.com/jobs?q=company:""Intranext Systems""&l=nan,CO",,https://www.glassdoor.com/Jobs/Intranext-Systems-Jobs-E12345.htm,"careers_page,indeed",,
Invisible Technologies,Software & Services,,https://invisible.co/careers,Medium,careers_page,"https://www.indeed.com/jobs?q=company:""Invisible Technologies""&l=nan,CO",,https://www.glassdoor.com/Jobs/Invisible-Technologies-Jobs-E12345.htm,"careers_page,indeed",,
IQware,Software & Services,,https://iqwareinc.com/about/careers/,Medium,careers_page,"https://www.indeed.com/jobs?q=company:""IQware""&l=nan,CO",,https://www.glassdoor.com/Jobs/IQware-Jobs-E12345.htm,"careers_page,indeed",,
Josh.ai,Software & Services,,https://www.josh.ai/jobs/,Small,careers_page,"https://www.indeed.com/jobs?q=company:""Josh.ai""&l=nan,CO",https://angel.co/company/joshai/jobs,https://www.glassdoor.com/Jobs/Josh.ai-Jobs-E12345.htm,"indeed,angellist,glassdoor",,
Kantox,Fintech,,https://www.kantox.com/careers#job-openings,Medium,careers_page,"https://www.indeed.com/jobs?q=company:""Kantox""&l=nan,CO",,https://www.glassdoor.com/Jobs/Kantox-Jobs-E12345.htm,"careers_page,indeed",,
Kaseware,Public Safety,,https://www.kaseware.com/careers,Small,careers_page,"https://www.indeed.com/jobs?q=company:""Kaseware""&l=nan,CO",https://angel.co/company/kaseware/jobs,https://www.glassdoor.com/Jobs/Kaseware-Jobs-E12345.htm,"indeed,angellist,glassdoor",,
Kologik,Public Safety,,https://www.kologik.com/careers/,Medium,careers_page,"https://www.indeed.com/jobs?q=company:""Kologik""&l=nan,CO",,https://www.glassdoor.com/Jobs/Kologik-Jobs-E12345.htm,"careers_page,indeed",,
L3Harris,Public Safety,,https://careers.l3harris.com,Large,careers_page,"https://www.indeed.com/jobs?q=company:""L3Harris""&l=nan,CO",,https://www.glassdoor.com/Jobs/L3Harris-Jobs-E12345.htm,careers_page_only,,
Lenda,Fintech,,https://www.lenda.com/careers,Medium,careers_page,"https://www.indeed.com/jobs?q=company:""Lenda""&l=nan,CO",,https://www.glassdoor.com/Jobs/Lenda-Jobs-E12345.htm,"careers_page,indeed",,
Lendesk,Fintech,,https://lendesk.com/careers/,Medium,careers_page,"https://www.indeed.com/jobs?q=company:""Lendesk""&l=nan,CO",,https://www.glassdoor.com/Jobs/Lendesk-Jobs-E12345.htm,"careers_page,indeed",,
LexisNexis Risk Solutions,Analytics & AI,,https://risk.lexisnexis.com/careers,Small,careers_page,"https://www.indeed.com/jobs?q=company:""LexisNexis Risk Solutions""&l=nan,CO",https://angel.co/company/lexisnexis-risk-solutions/jobs,https://www.glassdoor.com/Jobs/LexisNexis-Risk-Solutions-Jobs-E12345.htm,"indeed,angellist,glassdoor",,
Lightspeed,Software & Services,,https://www.lightspeedhq.com/careers/,Medium,careers_page,"https://www.indeed.com/jobs?q=company:""Lightspeed""&l=nan,CO",,https://www.glassdoor.com/Jobs/Lightspeed-Jobs-E12345.htm,"careers_page,indeed",,
Liqid,Cloud Services,,https://liqid.com/careers/,Medium,careers_page,"https://www.indeed.com/jobs?q=company:""Liqid""&l=nan,CO",,https://www.glassdoor.com/Jobs/Liqid-Jobs-E12345.htm,"careers_page,indeed",,
LiveAgent,Software & Services,,https://www.liveagent.com/careers/,Medium,careers_page,"https://www.indeed.com/jobs?q=company:""LiveAgent""&l=nan,CO",,https://www.glassdoor.com/Jobs/LiveAgent-Jobs-E12345.htm,"careers_page,indeed",,
Lone Wolf,Real Estate Technology,,https://lonewolftechnologies.com/careers/,Small,careers_page,"https://www.indeed.com/jobs?q=company:""Lone Wolf""&l=nan,CO",https://angel.co/company/lone-wolf/jobs,https://www.glassdoor.com/Jobs/Lone-Wolf-Jobs-E12345.htm,"indeed,angellist,glassdoor",,
Macrium Software,Software & Services,,https://www.macrium.com/careers-and-culture,Medium,careers_page,"https://www.indeed.com/jobs?q=company:""Macrium Software""&l=nan,CO",,https://www.glassdoor.com/Jobs/Macrium-Software-Jobs-E12345.htm,"careers_page,indeed",,
Magic Leap,Software & Services,,https://www.magicleap.com/careers,Medium,careers_page,"https://www.indeed.com/jobs?q=company:""Magic Leap""&l=nan,CO",,https://www.glassdoor.com/Jobs/Magic-Leap-Jobs-E12345.htm,"careers_page,indeed",,
Magnet Forensics,Public Safety,,https://www.magnetforensics.com/careers/,Medium,careers_page,"https://www.indeed.com/jobs?q=company:""Magnet Forensics""&l=nan,CO",,https://www.glassdoor.com/Jobs/Magnet-Forensics-Jobs-E12345.htm,"careers_page,indeed",,
Management Controls,Software & Services,,https://managementcontrols.com/careers/,Medium,careers_page,"https://www.indeed.com/jobs?q=company:""Management Controls""&l=nan,CO",,https://www.glassdoor.com/Jobs/Management-Controls-Jobs-E12345.htm,"careers_page,indeed",,
Mark43,Public Safety,,https://mark43.com/company/careers/#greenhouse-jobs,Medium,careers_page,"https://www.indeed.com/jobs?q=company:""Mark43""&l=nan,CO",,https://www.glassdoor.com/Jobs/Mark43-Jobs-E12345.htm,"careers_page,indeed",,
Matrix,Public Safety,,https://www.matrix-solutions.com/careers/,Medium,careers_page,"https://www.indeed.com/jobs?q=company:""Matrix""&l=nan,CO",,https://www.glassdoor.com/Jobs/Matrix-Jobs-E12345.htm,"careers_page,indeed",,
Maxwell,Fintech,,https://ats.rippling.com/maxwell-careers/jobs,Medium,careers_page,"https://www.indeed.com/jobs?q=company:""Maxwell""&l=nan,CO",,https://www.glassdoor.com/Jobs/Maxwell-Jobs-E12345.htm,"careers_page,indeed",,
MeetMonk,Communications,,https://meetmonk.com/careers/,Medium,careers_page,"https://www.indeed.com/jobs?q=company:""MeetMonk""&l=nan,CO",,https://www.glassdoor.com/Jobs/MeetMonk-Jobs-E12345.htm,"careers_page,indeed",,
Meltwater,Analytics & AI,,https://www.meltwater.com/careers,Large,careers_page,"https://www.indeed.com/jobs?q=company:""Meltwater""&l=nan,CO",,https://www.glassdoor.com/Jobs/Meltwater-Jobs-E12345.htm,careers_page_only,,
Mersive,Communications,,https://www.mersive.com/career/#open-positions,Medium,careers_page,"https://www.indeed.com/jobs?q=company:""Mersive""&l=nan,CO",,https://www.glassdoor.com/Jobs/Mersive-Jobs-E12345.htm,"careers_page,indeed",,
Mitel,Communications,,https://mitel.wd3.myworkdayjobs.com/mitelcareers,Medium,careers_page,"https://www.indeed.com/jobs?q=company:""Mitel""&l=nan,CO",,https://www.glassdoor.com/Jobs/Mitel-Jobs-E12345.htm,"careers_page,indeed",,
Model N,Software & Services,,https://www.modeln.com/company/careers/,Medium,careers_page,"https://www.indeed.com/jobs?q=company:""Model N""&l=nan,CO",,https://www.glassdoor.com/Jobs/Model-N-Jobs-E12345.htm,"careers_page,indeed",,
Molo Finance,Fintech,,https://www.molofinance.com/careers/,Medium,careers_page,"https://www.indeed.com/jobs?q=company:""Molo Finance""&l=nan,CO",,https://www.glassdoor.com/Jobs/Molo-Finance-Jobs-E12345.htm,"careers_page,indeed",,
mPulse,Healthcare Technology,,https://mpulseportal.rec.pro.ukg.net/MPU1000PULSE/JobBoard/dc48557c-996a-4e30-a53d-fd3dfb186808/?q=&o=postedDateDesc&w=&wc=&we=&wpst=,Medium,careers_page,"https://www.indeed.com/jobs?q=company:""mPulse""&l=nan,CO",,https://www.glassdoor.com/Jobs/mPulse-Jobs-E12345.htm,"careers_page,indeed",,
Musiquest,Education Technology,,https://www.musiquest.com/about/careers/,Medium,careers_page,"https://www.indeed.com/jobs?q=company:""Musiquest""&l=nan,CO",,https://www.glassdoor.com/Jobs/Musiquest-Jobs-E12345.htm,"careers_page,indeed",,
Navigator Business Solutions,Enterprise Software,,https://www.nbs-us.com/careers-2,Medium,careers_page,"https://www.indeed.com/jobs?q=company:""Navigator Business Solutions""&l=nan,CO",,https://www.glassdoor.com/Jobs/Navigator-Business-Solutions-Jobs-E12345.htm,"careers_page,indeed",,
Netstock,E-commerce,,https://www.netstock.com/careers/,Medium,careers_page,"https://www.indeed.com/jobs?q=company:""Netstock""&l=nan,CO",,https://www.glassdoor.com/Jobs/Netstock-Jobs-E12345.htm,"careers_page,indeed",,
NICE Actimize,Analytics & AI,,https://www.niceactimize.com/careers/,Small,careers_page,"https://www.indeed.com/jobs?q=company:""NICE Actimize""&l=nan,CO",https://angel.co/company/nice-actimize/jobs,https://www.glassdoor.com/Jobs/NICE-Actimize-Jobs-E12345.htm,"indeed,angellist,glassdoor",,
Nymbl Science,Healthcare Technology,,https://nymblscience.com/careers/,Medium,careers_page,"https://www.indeed.com/jobs?q=company:""Nymbl Science""&l=nan,CO",,https://www.glassdoor.com/Jobs/Nymbl-Science-Jobs-E12345.htm,"careers_page,indeed",,
Ombud,Software & Services,,https://ombud.com/careers/,Small,careers_page,"https://www.indeed.com/jobs?q=company:""Ombud""&l=nan,CO",https://angel.co/company/ombud/jobs,https://www.glassdoor.com/Jobs/Ombud-Jobs-E12345.htm,"indeed,angellist,glassdoor",,
Omnigo,Public Safety,,https://www.omnigo.com/careers/,Medium,careers_page,"https://www.indeed.com/jobs?q=company:""Omnigo""&l=nan,CO",,https://www.glassdoor.com/Jobs/Omnigo-Jobs-E12345.htm,"careers_page,indeed",,
OrthoFi,Healthcare Technology,,https://orthofi.com/careers/,Medium,careers_page,"https://www.indeed.com/jobs?q=company:""OrthoFi""&l=nan,CO",,https://www.glassdoor.com/Jobs/OrthoFi-Jobs-E12345.htm,"careers_page,indeed",,
Pairin,Education Technology,,https://pairin.com/careers/,Medium,careers_page,"https://www.indeed.com/jobs?q=company:""Pairin""&l=nan,CO",,https://www.glassdoor.com/Jobs/Pairin-Jobs-E12345.htm,"careers_page,indeed",,
Palantir,Public Safety,,https://www.palantir.com/careers,Large,careers_page,"https://www.indeed.com/jobs?q=company:""Palantir""&l=nan,CO",,https://www.glassdoor.com/Jobs/Palantir-Jobs-E12345.htm,careers_page_only,,
Phase Change Software,Software & Services,,https://phasechangesoftware.com/careers/,Small,careers_page,"https://www.indeed.com/jobs?q=company:""Phase Change Software""&l=nan,CO",https://angel.co/company/phase-change-software/jobs,https://www.glassdoor.com/Jobs/Phase-Change-Software-Jobs-E12345.htm,"indeed,angellist,glassdoor",,
Ping Identity,Cybersecurity,,https://www.pingidentity.com/careers,Small,careers_page,"https://www.indeed.com/jobs?q=company:""Ping Identity""&l=nan,CO",https://angel.co/company/ping-identity/jobs,https://www.glassdoor.com/Jobs/Ping-Identity-Jobs-E12345.htm,"indeed,angellist,glassdoor",,
Planet Labs,Other,,https://www.planet.com/careers/,Medium,careers_page,"https://www.indeed.com/jobs?q=company:""Planet Labs""&l=nan,CO",,https://www.glassdoor.com/Jobs/Planet-Labs-Jobs-E12345.htm,"careers_page,indeed",,
Planning Pod,Software & Services,,https://www.planningpod.com/company/careers.aspx,Medium,careers_page,"https://www.indeed.com/jobs?q=company:""Planning Pod""&l=nan,CO",,https://www.glassdoor.com/Jobs/Planning-Pod-Jobs-E12345.htm,"careers_page,indeed",,
Poppulo,Software & Services,,https://www.poppulo.com/careers/,Medium,careers_page,"https://www.indeed.com/jobs?q=company:""Poppulo""&l=nan,CO",,https://www.glassdoor.com/Jobs/Poppulo-Jobs-E12345.htm,"careers_page,indeed",,
Power Takeoff,Software & Services,,https://ats.rippling.com/power-takeoff-careers/jobs,Medium,careers_page,"https://www.indeed.com/jobs?q=company:""Power Takeoff""&l=nan,CO",,https://www.glassdoor.com/Jobs/Power-Takeoff-Jobs-E12345.htm,"careers_page,indeed",,
Precog,Analytics & AI,,https://precog.com/careers/,Small,careers_page,"https://www.indeed.com/jobs?q=company:""Precog""&l=nan,CO",https://angel.co/company/precog/jobs,https://www.glassdoor.com/Jobs/Precog-Jobs-E12345.htm,"indeed,angellist,glassdoor",,
Prime Pay,HR Technology,,https://www.primepay.com/careers/,Medium,careers_page,"https://www.indeed.com/jobs?q=company:""Prime Pay""&l=nan,CO",,https://www.glassdoor.com/Jobs/Prime-Pay-Jobs-E12345.htm,"careers_page,indeed",,
PrintRelief,Other,,https://printrelief.com/careers/,Medium,careers_page,"https://www.indeed.com/jobs?q=company:""PrintRelief""&l=nan,CO",,https://www.glassdoor.com/Jobs/PrintRelief-Jobs-E12345.htm,"careers_page,indeed",,
Procare Solutions,Education Technology,,https://www.procaresoftware.com/careers/,Medium,careers_page,"https://www.indeed.com/jobs?q=company:""Procare Solutions""&l=nan,CO",,https://www.glassdoor.com/Jobs/Procare-Solutions-Jobs-E12345.htm,"careers_page,indeed",,
Proofpoint,Cybersecurity,,https://www.proofpoint.com/us/company/careers,Large,careers_page,"https://www.indeed.com/jobs?q=company:""Proofpoint""&l=nan,CO",,https://www.glassdoor.com/Jobs/Proofpoint-Jobs-E12345.htm,careers_page_only,,
Quantum Metric,Analytics & AI,,https://quantummetric.com/careers/,Small,careers_page,"https://www.indeed.com/jobs?q=company:""Quantum Metric""&l=nan,CO",https://angel.co/company/quantum-metric/jobs,https://www.glassdoor.com/Jobs/Quantum-Metric-Jobs-E12345.htm,"indeed,angellist,glassdoor",,
Reali Solutions,Real Estate Technology,,https://reali.com/careers/,Small,careers_page,"https://www.indeed.com/jobs?q=company:""Reali Solutions""&l=nan,CO",https://angel.co/company/reali-solutions/jobs,https://www.glassdoor.com/Jobs/Reali-Solutions-Jobs-E12345.htm,"indeed,angellist,glassdoor",,
Red Canary,Cybersecurity,,https://redcanary.com/careers/,Small,careers_page,"https://www.indeed.com/jobs?q=company:""Red Canary""&l=nan,CO",https://angel.co/company/red-canary/jobs,https://www.glassdoor.com/Jobs/Red-Canary-Jobs-E12345.htm,"indeed,angellist,glassdoor",,
Redeam,Software & Services,,https://www.redeam.com/careers/,Small,careers_page,"https://www.indeed.com/jobs?q=company:""Redeam""&l=nan,CO",https://angel.co/company/redeam/jobs,https://www.glassdoor.com/Jobs/Redeam-Jobs-E12345.htm,"indeed,angellist,glassdoor",,
ResourceX,Government Technology,,https://resourcex.com/careers/,Medium,careers_page,"https://www.indeed.com/jobs?q=company:""ResourceX""&l=nan,CO",,https://www.glassdoor.com/Jobs/ResourceX-Jobs-E12345.htm,"careers_page,indeed",,
SaferWatch,Communications,,https://www.saferwatch.com/careers/,Medium,careers_page,"https://www.indeed.com/jobs?q=company:""SaferWatch""&l=nan,CO",,https://www.glassdoor.com/Jobs/SaferWatch-Jobs-E12345.htm,"careers_page,indeed",,
Sardine,Cybersecurity,,https://www.sardine.ai/careers#openings,Small,careers_page,"https://www.indeed.com/jobs?q=company:""Sardine""&l=nan,CO",https://angel.co/company/sardine/jobs,https://www.glassdoor.com/Jobs/Sardine-Jobs-E12345.htm,"indeed,angellist,glassdoor",,
SAS® Law Enforcement Intelligence,Public Safety,,https://www.sas.com/en_us/careers.html,Medium,careers_page,"https://www.indeed.com/jobs?q=company:""SAS® Law Enforcement Intelligence""&l=nan,CO",,https://www.glassdoor.com/Jobs/SAS®-Law-Enforcement-Intelligence-Jobs-E12345.htm,"careers_page,indeed",,
Seequent,Software & Services,,https://seequent.csod.com/ux/ats/careersite/1/home?c=seequent,Medium,careers_page,"https://www.indeed.com/jobs?q=company:""Seequent""&l=nan,CO",,https://www.glassdoor.com/Jobs/Seequent-Jobs-E12345.htm,"careers_page,indeed",,
Selecthub,Software & Services,,https://selecthub.com/careers/,Medium,careers_page,"https://www.indeed.com/jobs?q=company:""Selecthub""&l=nan,CO",,https://www.glassdoor.com/Jobs/Selecthub-Jobs-E12345.htm,"careers_page,indeed",,
Serve robotics,Transportation Technology,,https://www.serverobotics.com/careers/,Small,careers_page,"https://www.indeed.com/jobs?q=company:""Serve robotics""&l=nan,CO",https://angel.co/company/serve-robotics/jobs,https://www.glassdoor.com/Jobs/Serve-robotics-Jobs-E12345.htm,"indeed,angellist,glassdoor",,
Siemens,Software & Services,,https://jobs.siemens.com/careers,Large,careers_page,"https://www.indeed.com/jobs?q=company:""Siemens""&l=nan,CO",,https://www.glassdoor.com/Jobs/Siemens-Jobs-E12345.htm,careers_page_only,,
SmartWyre,Software & Services,,https://www.smartwyre.com/careers/,Small,careers_page,"https://www.indeed.com/jobs?q=company:""SmartWyre""&l=nan,CO",https://angel.co/company/smartwyre/jobs,https://www.glassdoor.com/Jobs/SmartWyre-Jobs-E12345.htm,"indeed,angellist,glassdoor",,
Snowflake,Analytics & AI,,https://careers.snowflake.com,Large,careers_page,"https://www.indeed.com/jobs?q=company:""Snowflake""&l=nan,CO",,https://www.glassdoor.com/Jobs/Snowflake-Jobs-E12345.htm,careers_page_only,,
Softheon,Analytics & AI,,https://www.softheon.com/careers/,Small,careers_page,"https://www.indeed.com/jobs?q=company:""Softheon""&l=nan,CO",https://angel.co/company/softheon/jobs,https://www.glassdoor.com/Jobs/Softheon-Jobs-E12345.htm,"indeed,angellist,glassdoor",,
Sondermind,Healthcare Technology,,https://www.sondermind.com/careers/,Medium,careers_page,"https://www.indeed.com/jobs?q=company:""Sondermind""&l=nan,CO",,https://www.glassdoor.com/Jobs/Sondermind-Jobs-E12345.htm,"careers_page,indeed",,
Spekit,Education Technology,,https://www.spekit.com/careers/,Medium,careers_page,"https://www.indeed.com/jobs?q=company:""Spekit""&l=nan,CO",,https://www.glassdoor.com/Jobs/Spekit-Jobs-E12345.htm,"careers_page,indeed",,
Sunbit,Fintech,,https://sunbit.com/careers-il/#job-feed,Medium,careers_page,"https://www.indeed.com/jobs?q=company:""Sunbit""&l=nan,CO",,https://www.glassdoor.com/Jobs/Sunbit-Jobs-E12345.htm,"careers_page,indeed",,
Switch Automation,Software & Services,,https://www.switchautomation.com/careers/,Small,careers_page,"https://www.indeed.com/jobs?q=company:""Switch Automation""&l=nan,CO",https://angel.co/company/switch-automation/jobs,https://www.glassdoor.com/Jobs/Switch-Automation-Jobs-E12345.htm,"indeed,angellist,glassdoor",,
TalkDesk,Communications,,https://www.talkdesk.com/careers/,Medium,careers_page,"https://www.indeed.com/jobs?q=company:""TalkDesk""&l=nan,CO",,https://www.glassdoor.com/Jobs/TalkDesk-Jobs-E12345.htm,"careers_page,indeed",,
TaskRay,Software & Services,,https://taskray.com/careers/,Medium,careers_page,"https://www.indeed.com/jobs?q=company:""TaskRay""&l=nan,CO",,https://www.glassdoor.com/Jobs/TaskRay-Jobs-E12345.htm,"careers_page,indeed",,
TCW (Palantir Contracting),Public Safety,,https://www.palantir.com/careers/,Medium,careers_page,"https://www.indeed.com/jobs?q=company:""TCW (Palantir Contracting)""&l=nan,CO",,https://www.glassdoor.com/Jobs/TCW-(Palantir-Contracting)-Jobs-E12345.htm,"careers_page,indeed",,
Team Rubicon (non profit),Other,,https://teamrubiconusa.org/careers/,Medium,careers_page,"https://www.indeed.com/jobs?q=company:""Team Rubicon (non profit)""&l=nan,CO",,https://www.glassdoor.com/Jobs/Team-Rubicon-(non-profit)-Jobs-E12345.htm,"careers_page,indeed",,
Team Snap,Other,,https://www.teamsnap.com/careers,Medium,careers_page,"https://www.indeed.com/jobs?q=company:""Team Snap""&l=nan,CO",,https://www.glassdoor.com/Jobs/Team-Snap-Jobs-E12345.htm,"careers_page,indeed",,
TeKnowledge,Software & Services,,https://www.teknowledge.com/careers/,Medium,careers_page,"https://www.indeed.com/jobs?q=company:""TeKnowledge""&l=nan,CO",,https://www.glassdoor.com/Jobs/TeKnowledge-Jobs-E12345.htm,"careers_page,indeed",,
Tenemos,Fintech,,https://www.temenos.com/careers/,Medium,careers_page,"https://www.indeed.com/jobs?q=company:""Tenemos""&l=nan,CO",,https://www.glassdoor.com/Jobs/Tenemos-Jobs-E12345.htm,"careers_page,indeed",,
The Receptionist,Software & Services,,https://thereceptionist.com/careers/,Small,careers_page,"https://www.indeed.com/jobs?q=company:""The Receptionist""&l=nan,CO",https://angel.co/company/the-receptionist/jobs,https://www.glassdoor.com/Jobs/The-Receptionist-Jobs-E12345.htm,"indeed,angellist,glassdoor",,
Thomson Reuters,Analytics & AI,,https://careers.thomsonreuters.com,Large,careers_page,"https://www.indeed.com/jobs?q=company:""Thomson Reuters""&l=nan,CO",,https://www.glassdoor.com/Jobs/Thomson-Reuters-Jobs-E12345.htm,careers_page_only,,
TrackVia,Software & Services,,https://trackvia.com/careers/,Medium,careers_page,"https://www.indeed.com/jobs?q=company:""TrackVia""&l=nan,CO",,https://www.glassdoor.com/Jobs/TrackVia-Jobs-E12345.htm,"careers_page,indeed",https://job-boards.greenhouse.io/trackvia,
Trimble,Software & Services,,https://careers.trimble.com,Large,careers_page,"https://www.indeed.com/jobs?q=company:""Trimble""&l=nan,CO",,https://www.glassdoor.com/Jobs/Trimble-Jobs-E12345.htm,careers_page_only,,
Truu,Cybersecurity,,https://truu.ai/careers/,Small,careers_page,"https://www.indeed.com/jobs?q=company:""Truu""&l=nan,CO",https://angel.co/company/truu/jobs,https://www.glassdoor.com/Jobs/Truu-Jobs-E12345.htm,"indeed,angellist,glassdoor",,
Ttec,Communications,,https://www.ttec.com/careers,Medium,careers_page,"https://www.indeed.com/jobs?q=company:""Ttec""&l=nan,CO",,https://www.glassdoor.com/Jobs/Ttec-Jobs-E12345.htm,"careers_page,indeed",,
TurboTenent,Real Estate Technology,,https://www.turbotenant.com/careers/,Small,careers_page,"https://www.indeed.com/jobs?q=company:""TurboTenent""&l=nan,CO",https://angel.co/company/turbotenent/jobs,https://www.glassdoor.com/Jobs/TurboTenent-Jobs-E12345.htm,"indeed,angellist,glassdoor",,
Turnkey,Software & Services,,https://www.turnkeytechnologies.com/careers/,Medium,careers_page,"https://www.indeed.com/jobs?q=company:""Turnkey""&l=nan,CO",,https://www.glassdoor.com/Jobs/Turnkey-Jobs-E12345.htm,"careers_page,indeed",,
Twilio,Communications,,https://www.twilio.com/en-us/company/jobs,Large,careers_page,"https://www.indeed.com/jobs?q=company:""Twilio""&l=nan,CO",,https://www.glassdoor.com/Jobs/Twilio-Jobs-E12345.htm,careers_page_only,,
Tyler Tech,Government Technology,,https://careers.tylertech.com,Large,careers_page,"https://www.indeed.com/jobs?q=company:""Tyler Tech""&l=nan,CO",,https://www.glassdoor.com/Jobs/Tyler-Tech-Jobs-E12345.htm,careers_page_only,,
UiPath,Software & Services,,https://www.uipath.com/careers,Large,careers_page,"https://www.indeed.com/jobs?q=company:""UiPath""&l=nan,CO",,https://www.glassdoor.com/Jobs/UiPath-Jobs-E12345.htm,careers_page_only,,
UJET,Communications,,https://ujet.com/careers/,Medium,careers_page,"https://www.indeed.com/jobs?q=company:""UJET""&l=nan,CO",,https://www.glassdoor.com/Jobs/UJET-Jobs-E12345.htm,"careers_page,indeed",,
Upgrade,Fintech,,https://upgrade.com/careers/,Medium,careers_page,"https://www.indeed.com/jobs?q=company:""Upgrade""&l=nan,CO",,https://www.glassdoor.com/Jobs/Upgrade-Jobs-E12345.htm,"careers_page,indeed",,
Upland RO Innovation,Software & Services,,https://uplandsoftware.com/careers/,Medium,careers_page,"https://www.indeed.com/jobs?q=company:""Upland RO Innovation""&l=nan,CO",,https://www.glassdoor.com/Jobs/Upland-RO-Innovation-Jobs-E12345.htm,"careers_page,indeed",,
Uru Sports,Other,,https://urusports.com/careers/,Medium,careers_page,"https://www.indeed.com/jobs?q=company:""Uru Sports""&l=nan,CO",,https://www.glassdoor.com/Jobs/Uru-Sports-Jobs-E12345.htm,"careers_page,indeed",,
User Testing,Software & Services,,https://www.usertesting.com/company/careers,Medium,careers_page,"https://www.indeed.com/jobs?q=company:""User Testing""&l=nan,CO",,https://www.glassdoor.com/Jobs/User-Testing-Jobs-E12345.htm,"careers_page,indeed",,
Ushahidi,Software & Services,,https://www.ushahidi.com/careers/,Medium,careers_page,"https://www.indeed.com/jobs?q=company:""Ushahidi""&l=nan,CO",,https://www.glassdoor.com/Jobs/Ushahidi-Jobs-E12345.htm,"careers_page,indeed",,
Utility Inc.,Public Safety,,https://utility.com/careers/,Medium,careers_page,"https://www.indeed.com/jobs?q=company:""Utility Inc.""&l=nan,CO",,https://www.glassdoor.com/Jobs/Utility-Inc.-Jobs-E12345.htm,"careers_page,indeed",,
Vendavo,Software & Services,,https://jobs.lever.co/vendavo ,Medium,careers_page,"https://www.indeed.com/jobs?q=company:""Vendavo""&l=nan,CO",,https://www.glassdoor.com/Jobs/Vendavo-Jobs-E12345.htm,"careers_page,indeed",,
Versaterm,Public Safety,,https://www.versaterm.com/careers/,Medium,careers_page,"https://www.indeed.com/jobs?q=company:""Versaterm""&l=nan,CO",,https://www.glassdoor.com/Jobs/Versaterm-Jobs-E12345.htm,"careers_page,indeed",,
Wing (by Alphabet),Transportation Technology,,https://wing.com/careers/,Medium,careers_page,"https://www.indeed.com/jobs?q=company:""Wing (by Alphabet)""&l=nan,CO",,https://www.glassdoor.com/Jobs/Wing-(by-Alphabet)-Jobs-E12345.htm,"careers_page,indeed",,
Xanalys,Public Safety,,https://www.xanalys.com/careers/,Medium,careers_page,"https://www.indeed.com/jobs?q=company:""Xanalys""&l=nan,CO",,https://www.glassdoor.com/Jobs/Xanalys-Jobs-E12345.htm,"careers_page,indeed",,
Xata,Cloud Services,,https://xata.io/careers,Medium,careers_page,"https://www.indeed.com/jobs?q=company:""Xata""&l=nan,CO",,https://www.glassdoor.com/Jobs/Xata-Jobs-E12345.htm,"careers_page,indeed",,
XTN Cognitive Security,Cybersecurity,,https://xtn-labs.com/careers/,Small,careers_page,"https://www.indeed.com/jobs?q=company:""XTN Cognitive Security""&l=nan,CO",https://angel.co/company/xtn-cognitive-security/jobs,https://www.glassdoor.com/Jobs/XTN-Cognitive-Security-Jobs-E12345.htm,"indeed,angellist,glassdoor",https://xtncognitivesecurity.com/careers/,
Mambu,Fintech,,https://www.mambu.com/careers/,Medium,careers_page,"https://www.indeed.com/jobs?q=company:""Mambu""&l=nan,CO",,https://www.glassdoor.com/Jobs/Mambu-Jobs-E12345.htm,"careers_page,indeed",,
Sift,Cybersecurity,,https://sift.com/careers/,Small,careers_page,"https://www.indeed.com/jobs?q=company:""Sift""&l=nan,CO",https://angel.co/company/sift/jobs,https://www.glassdoor.com/Jobs/Sift-Jobs-E12345.htm,"indeed,angellist,glassdoor",,
Globo,Other,,https://theglobo.com/careers/,Medium,careers_page,"https://www.indeed.com/jobs?q=company:""Globo""&l=nan,CO",,https://www.glassdoor.com/Jobs/Globo-Jobs-E12345.htm,"careers_page,indeed",,
Replicant,Software & Services,,https://www.replicant.ai/careers/,Medium,careers_page,"https://www.indeed.com/jobs?q=company:""Replicant""&l=nan,CO",,https://www.glassdoor.com/Jobs/Replicant-Jobs-E12345.htm,"careers_page,indeed",,
Snapdocs,Real Estate Technology,,https://www.snapdocs.com/careers/,Small,careers_page,"https://www.indeed.com/jobs?q=company:""Snapdocs""&l=nan,CO",https://angel.co/company/snapdocs/jobs,https://www.glassdoor.com/Jobs/Snapdocs-Jobs-E12345.htm,"indeed,angellist,glassdoor",,
Cove,Real Estate Technology,,https://www.cove.com/careers/,Small,careers_page,"https://www.indeed.com/jobs?q=company:""Cove""&l=nan,CO",https://angel.co/company/cove/jobs,https://www.glassdoor.com/Jobs/Cove-Jobs-E12345.htm,"indeed,angellist,glassdoor",,
CertifiD,Fintech,,https://www.certifid.com/careers/,Medium,careers_page,"https://www.indeed.com/jobs?q=company:""CertifiD""&l=nan,CO",,https://www.glassdoor.com/Jobs/CertifiD-Jobs-E12345.htm,"careers_page,indeed",,
Anywhere Real Estate Inc.,Real Estate Technology,,https://anywhere.re/careers/,Small,careers_page,"https://www.indeed.com/jobs?q=company:""Anywhere Real Estate Inc.""&l=nan,CO",https://angel.co/company/anywhere-real-estate-inc/jobs,https://www.glassdoor.com/Jobs/Anywhere-Real-Estate-Inc.-Jobs-E12345.htm,"indeed,angellist,glassdoor",,
Roofr,Real Estate Technology,,https://www.roofr.com/careers/,Small,careers_page,"https://www.indeed.com/jobs?q=company:""Roofr""&l=nan,CO",https://angel.co/company/roofr/jobs,https://www.glassdoor.com/Jobs/Roofr-Jobs-E12345.htm,"indeed,angellist,glassdoor",,
Hosify,Software & Services,,https://hosify.com/careers/,Small,careers_page,"https://www.indeed.com/jobs?q=company:""Hosify""&l=nan,CO",https://angel.co/company/hosify/jobs,https://www.glassdoor.com/Jobs/Hosify-Jobs-E12345.htm,"indeed,angellist,glassdoor",,
Opendoor,Real Estate Technology,,https://www.opendoor.com/careers/,Small,careers_page,"https://www.indeed.com/jobs?q=company:""Opendoor""&l=nan,CO",https://angel.co/company/opendoor/jobs,https://www.glassdoor.com/Jobs/Opendoor-Jobs-E12345.htm,"indeed,angellist,glassdoor",,
REI Hub,Real Estate Technology,,https://reihub.com/careers/,Small,careers_page,"https://www.indeed.com/jobs?q=company:""REI Hub""&l=nan,CO",https://angel.co/company/rei-hub/jobs,https://www.glassdoor.com/Jobs/REI-Hub-Jobs-E12345.htm,"indeed,angellist,glassdoor",,
Bacflip,Real Estate Technology,,https://www.backflip.com/careers/,Small,careers_page,"https://www.indeed.com/jobs?q=company:""Bacflip""&l=nan,CO",https://angel.co/company/bacflip/jobs,https://www.glassdoor.com/Jobs/Bacflip-Jobs-E12345.htm,"indeed,angellist,glassdoor",,
Appfolio,Real Estate Technology,,https://www.appfolio.com/about/careers,Small,careers_page,"https://www.indeed.com/jobs?q=company:""Appfolio""&l=nan,CO",https://angel.co/company/appfolio/jobs,https://www.glassdoor.com/Jobs/Appfolio-Jobs-E12345.htm,"indeed,angellist,glassdoor",,
Rentec Direct,Real Estate Technology,,https://www.rentecdirect.com/careers,Small,careers_page,"https://www.indeed.com/jobs?q=company:""Rentec Direct""&l=nan,CO",https://angel.co/company/rentec-direct/jobs,https://www.glassdoor.com/Jobs/Rentec-Direct-Jobs-E12345.htm,"indeed,angellist,glassdoor",,
F5,Cybersecurity,,https://www.f5.com/company/careers,Small,careers_page,"https://www.indeed.com/jobs?q=company:""F5""&l=nan,CO",https://angel.co/company/f5/jobs,https://www.glassdoor.com/Jobs/F5-Jobs-E12345.htm,"indeed,angellist,glassdoor",,
Seon,Cybersecurity,,https://seon.io/about/careers,Small,careers_page,"https://www.indeed.com/jobs?q=company:""Seon""&l=nan,CO",https://angel.co/company/seon/jobs,https://www.glassdoor.com/Jobs/Seon-Jobs-E12345.htm,"indeed,angellist,glassdoor",,
Silent Eight,Cybersecurity,,https://silenteight.com/careers/,Small,careers_page,"https://www.indeed.com/jobs?q=company:""Silent Eight""&l=nan,CO",https://angel.co/company/silent-eight/jobs,https://www.glassdoor.com/Jobs/Silent-Eight-Jobs-E12345.htm,"indeed,angellist,glassdoor",,
Arctic Intelligence,Cybersecurity,,https://www.arctic-intelligence.com/careers/,Small,careers_page,"https://www.indeed.com/jobs?q=company:""Arctic Intelligence""&l=nan,CO",https://angel.co/company/arctic-intelligence/jobs,https://www.glassdoor.com/Jobs/Arctic-Intelligence-Jobs-E12345.htm,"indeed,angellist,glassdoor",,
Symphony AI,Analytics & AI,,https://www.symphony.ai/careers/,Small,careers_page,"https://www.indeed.com/jobs?q=company:""Symphony AI""&l=nan,CO",https://angel.co/company/symphony-ai/jobs,https://www.glassdoor.com/Jobs/Symphony-AI-Jobs-E12345.htm,"indeed,angellist,glassdoor",https://symphony.com/company/careers/,
Truid,Fintech,,https://www.truid.app/careers/,Small,careers_page,"https://www.indeed.com/jobs?q=company:""Truid""&l=nan,CO",https://angel.co/company/truid/jobs,https://www.glassdoor.com/Jobs/Truid-Jobs-E12345.htm,"indeed,angellist,glassdoor",,
Ocrolus,Analytics & AI,,https://www.ocrolus.com/careers/,Small,careers_page,"https://www.indeed.com/jobs?q=company:""Ocrolus""&l=nan,CO",https://angel.co/company/ocrolus/jobs,https://www.glassdoor.com/Jobs/Ocrolus-Jobs-E12345.htm,"indeed,angellist,glassdoor",,
Sagitec,Software & Services,,https://www.sagitec.com/careers/,Medium,careers_page,"https://www.indeed.com/jobs?q=company:""Sagitec""&l=nan,CO",,https://www.glassdoor.com/Jobs/Sagitec-Jobs-E12345.htm,"careers_page,indeed",,
EventTech,Event Tech,Denver,https://eventtech.com/careers,Small,careers_page,"https://www.indeed.com/jobs?q=company:""EventTech""&l=nan,CO",,https://www.glassdoor.com/Jobs/EventTech-Jobs-E12345.htm,"careers_page,indeed",,
EventHub,Event Tech,,https://eventhub.com/careers,Medium,careers_page,"https://www.indeed.com/jobs?q=company:""EventHub""&l=nan,CO",,https://www.glassdoor.com/Jobs/EventHub-Jobs-E12345.htm,"careers_page,indeed",https://join.com/companies/eventhubhq,
AnalyticsHub,User Analytics,Austin,https://analyticshub.com/careers,Medium,careers_page,"https://www.indeed.com/jobs?q=company:""AnalyticsHub""&l=nan,CO",,https://www.glassdoor.com/Jobs/AnalyticsHub-Jobs-E12345.htm,"careers_page,indeed",,
AnalyticsPro,User Analytics,San Francisco,https://analyticspro.com/careers,Medium,careers_page,"https://www.indeed.com/jobs?q=company:""AnalyticsPro""&l=nan,CO",,https://www.glassdoor.com/Jobs/AnalyticsPro-Jobs-E12345.htm,"careers_page,indeed",,
UserGuide,Customer Success,Austin,https://userguide.com/careers,Medium,careers_page,"https://www.indeed.com/jobs?q=company:""UserGuide""&l=nan,CO",,https://www.glassdoor.com/Jobs/UserGuide-Jobs-E12345.htm,"careers_page,indeed",,
PaymentSync,Fintech,Amsterdam,https://paymentsync.com/careers,Medium,careers_page,"https://www.indeed.com/jobs?q=company:""PaymentSync""&l=nan,CO",,https://www.glassdoor.com/Jobs/PaymentSync-Jobs-E12345.htm,"careers_page,indeed",,
TurboLabs,Fintech,New York,https://turbolabs.com/careers,Small,careers_page,"https://www.indeed.com/jobs?q=company:""TurboLabs""&l=nan,CO",,https://www.glassdoor.com/Jobs/TurboLabs-Jobs-E12345.htm,"careers_page,indeed",,
NexusHub,User Analytics,New York,https://nexushub.com/careers,Medium,careers_page,"https://www.indeed.com/jobs?q=company:""NexusHub""&l=nan,CO",,https://www.glassdoor.com/Jobs/NexusHub-Jobs-E12345.htm,"careers_page,indeed",,
OptimalFlow,Defense Technology,Berlin,https://optimalflow.com/careers,Medium,careers_page,"https://www.indeed.com/jobs?q=company:""OptimalFlow""&l=nan,CO",,https://www.glassdoor.com/Jobs/OptimalFlow-Jobs-E12345.htm,"careers_page,indeed",,
InfiniteTech,User Analytics,Toronto,https://infinitetech.com/careers,Medium,careers_page,"https://www.indeed.com/jobs?q=company:""InfiniteTech""&l=nan,CO",,https://www.glassdoor.com/Jobs/InfiniteTech-Jobs-E12345.htm,"careers_page,indeed",,
ZenithSolutions,Event Technology,London,https://zenithsolutions.com/careers,Medium,careers_page,"https://www.indeed.com/jobs?q=company:""ZenithSolutions""&l=nan,CO",,https://www.glassdoor.com/Jobs/ZenithSolutions-Jobs-E12345.htm,"careers_page,indeed",,
PinnacleLabs,Defense Technology,London,https://pinnaclelabs.com/careers,Medium,careers_page,"https://www.indeed.com/jobs?q=company:""PinnacleLabs""&l=nan,CO",,https://www.glassdoor.com/Jobs/PinnacleLabs-Jobs-E12345.htm,"careers_page,indeed",,
StellarTech,Customer Success Platform,,https://stellartech.com/careers,Small,careers_page,"https://www.indeed.com/jobs?q=company:""StellarTech""&l=nan,CO",,https://www.glassdoor.com/Jobs/StellarTech-Jobs-E12345.htm,"careers_page,indeed",,
TurboTech,Payment Processing,Berlin,https://turbotech.com/careers,Small,careers_page,"https://www.indeed.com/jobs?q=company:""TurboTech""&l=nan,CO",,https://www.glassdoor.com/Jobs/TurboTech-Jobs-E12345.htm,"careers_page,indeed",,
QuantumTech,Customer Success Platform,Austin,https://quantumtech.com/careers,Medium,careers_page,"https://www.indeed.com/jobs?q=company:""QuantumTech""&l=nan,CO",,https://www.glassdoor.com/Jobs/QuantumTech-Jobs-E12345.htm,"careers_page,indeed",,
MeetingPro,Event Tech,Boston,https://meetingpro.com/careers,Small,careers_page,"https://www.indeed.com/jobs?q=company:""MeetingPro""&l=nan,CO",,https://www.glassdoor.com/Jobs/MeetingPro-Jobs-E12345.htm,"careers_page,indeed",,
EventBoost,Event Tech,Denver,https://eventboost.com/careers,Medium,careers_page,"https://www.indeed.com/jobs?q=company:""EventBoost""&l=nan,CO",,https://www.glassdoor.com/Jobs/EventBoost-Jobs-E12345.htm,"careers_page,indeed",,
GatherSpace,Event Tech,San Francisco,https://gatherspace.com/careers,Medium,careers_page,"https://www.indeed.com/jobs?q=company:""GatherSpace""&l=nan,CO",,https://www.glassdoor.com/Jobs/GatherSpace-Jobs-E12345.htm,"careers_page,indeed",,
UserInsight,User Analytics,Denver,https://userinsight.com/careers,Small,careers_page,"https://www.indeed.com/jobs?q=company:""UserInsight""&l=nan,CO",,https://www.glassdoor.com/Jobs/UserInsight-Jobs-E12345.htm,"careers_page,indeed",,
BehaviorAI,User Analytics,Boston,https://behaviorai.com/careers,Medium,careers_page,"https://www.indeed.com/jobs?q=company:""BehaviorAI""&l=nan,CO",,https://www.glassdoor.com/Jobs/BehaviorAI-Jobs-E12345.htm,"careers_page,indeed",,
OnboardFlow,Customer Success,Boston,https://onboardflow.com/careers,Medium,careers_page,"https://www.indeed.com/jobs?q=company:""OnboardFlow""&l=nan,CO",,https://www.glassdoor.com/Jobs/OnboardFlow-Jobs-E12345.htm,"careers_page,indeed",,
UserSuccess,Customer Success,Denver,https://usersuccess.com/careers,Small,careers_page,"https://www.indeed.com/jobs?q=company:""UserSuccess""&l=nan,CO",,https://www.glassdoor.com/Jobs/UserSuccess-Jobs-E12345.htm,"careers_page,indeed",,
FinanceAI,Fintech,Austin,https://financeai.com/careers,Medium,careers_page,"https://www.indeed.com/jobs?q=company:""FinanceAI""&l=nan,CO",,https://www.glassdoor.com/Jobs/FinanceAI-Jobs-E12345.htm,"careers_page,indeed",,
SuperSystems,Defense Technology,Toronto,https://supersystems.com/careers,Small,careers_page,"https://www.indeed.com/jobs?q=company:""SuperSystems""&l=nan,CO",,https://www.glassdoor.com/Jobs/SuperSystems-Jobs-E12345.htm,"careers_page,indeed",,
PinnacleSystems,Defense Technology,New York,https://pinnaclesystems.com/careers,Medium,careers_page,"https://www.indeed.com/jobs?q=company:""PinnacleSystems""&l=nan,CO",,https://www.glassdoor.com/Jobs/PinnacleSystems-Jobs-E12345.htm,"careers_page,indeed",,
DynamicAI,Payment Processing,San Francisco,https://dynamicai.com/careers,Medium,careers_page,"https://www.indeed.com/jobs?q=company:""DynamicAI""&l=nan,CO",,https://www.glassdoor.com/Jobs/DynamicAI-Jobs-E12345.htm,"careers_page,indeed",,
PrimeLabs,Defense Technology,London,https://primelabs.com/careers,Medium,careers_page,"https://www.indeed.com/jobs?q=company:""PrimeLabs""&l=nan,CO",,https://www.glassdoor.com/Jobs/PrimeLabs-Jobs-E12345.htm,"careers_page,indeed",,
VertexAI,Payment Processing,Berlin,https://vertexai.com/careers,Small,careers_page,"https://www.indeed.com/jobs?q=company:""VertexAI""&l=nan,CO",,https://www.glassdoor.com/Jobs/VertexAI-Jobs-E12345.htm,"careers_page,indeed",,
OptimalPro,User Analytics,,https://optimalpro.com/careers,Medium,careers_page,"https://www.indeed.com/jobs?q=company:""OptimalPro""&l=nan,CO",,https://www.glassdoor.com/Jobs/OptimalPro-Jobs-E12345.htm,"careers_page,indeed",,
MatrixPro,Customer Success Platform,Toronto,https://matrixpro.com/careers,Medium,careers_page,"https://www.indeed.com/jobs?q=company:""MatrixPro""&l=nan,CO",,https://www.glassdoor.com/Jobs/MatrixPro-Jobs-E12345.htm,"careers_page,indeed",,
VertexSolutions,User Analytics,Toronto,https://vertexsolutions.com/careers,Medium,careers_page,"https://www.indeed.com/jobs?q=company:""VertexSolutions""&l=nan,CO",,https://www.glassdoor.com/Jobs/VertexSolutions-Jobs-E12345.htm,"careers_page,indeed",,
AudienceView,Entertainment Technology,Toronto,https://www.8x8.com/careers/jobs,Medium,careers_page,"https://www.indeed.com/jobs?q=company:""8x8""&l=nan,CO",,https://www.glassdoor.com/Jobs/8x8-Jobs-E12345.htm,"careers_page,indeed",https://www.audienceview.com/careers/,
Spektrix,Arts Technology,London,https://www.8x8.com/careers/jobs,Medium,careers_page,"https://www.indeed.com/jobs?q=company:""8x8""&l=nan,CO",,https://www.glassdoor.com/Jobs/8x8-Jobs-E12345.htm,"careers_page,indeed",https://www.spektrix.com/about-us/careers/,
Tessitura,Arts Management Software,New York,https://www.8x8.com/careers/jobs,Medium,careers_page,"https://www.indeed.com/jobs?q=company:""8x8""&l=nan,CO",,https://www.glassdoor.com/Jobs/8x8-Jobs-E12345.htm,"careers_page,indeed",https://www.tessituranetwork.com/about/careers,
PatronManager,Arts Management Software,New York,,Medium,Manual_Addition,,,,job_boards,https://www.patronmanager.com/about/careers/,PatronManager product manager
Vendini,Event Management Software,San Francisco,,Medium,Manual_Addition,,,,job_boards,https://www.vendini.com/about-us/careers/,Vendini product manager
Ungerboeck,Event Management Software,St. Louis,,Medium,Manual_Addition,,,,job_boards,https://ungerboeck.com/company/careers,Ungerboeck product manager
Blackbaud,Nonprofit Software,Charleston,,Large,Manual_Addition,,,,job_boards,https://careers.blackbaud.com/,Blackbaud product manager
ThunderTix,Event Ticketing,Minneapolis,,Small,Manual_Addition,,,,job_boards,https://www.thundertix.com/careers/,ThunderTix product manager
TicketSpice,Event Ticketing,Nashville,,Small,Manual_Addition,,,,job_boards,https://ticketspice.com/careers,TicketSpice product manager
Event Temple,Venue Management Software,Amsterdam,,Small,Manual_Addition,,,,job_boards,https://www.eventtemple.com/careers/,Event Temple product manager
Music Theatre International,Theatrical Licensing,New York,,Medium,Manual_Addition,,,,job_boards,https://www.mtishows.com/about/careers,Music Theatre International product manager
StageAgent,Theater Technology,Austin,,Small,Manual_Addition,,,,job_boards,https://stageagent.com/careers,StageAgent product manager
VenueNext,Venue Technology,Santa Clara,,Medium,Manual_Addition,,,,job_boards,https://www.venuenext.com/careers/,VenueNext product manager
YinzCam,Sports Venue Technology,Pittsburgh,,Small,Manual_Addition,,,,job_boards,https://www.yinzcam.com/careers/,YinzCam product manager
ShowClix,Event Ticketing,Pittsburgh,,Small,Manual_Addition,,,,job_boards,https://www.showclix.com/careers/,ShowClix product manager
Brown Paper Tickets,Event Ticketing,Seattle,,Small,Manual_Addition,,,,job_boards,https://www.brownpapertickets.com/careers,Brown Paper Tickets product manager
TicketTailor,Event Ticketing,London,,Small,Manual_Addition,,,,job_boards,https://www.tickettailor.com/careers/,TicketTailor product manager
Purplepass,Event Ticketing,Los Angeles,,Small,Manual_Addition,,,,job_boards,https://www.purplepass.com/careers/,Purplepass product manager
TheatreManager,Theater Management Software,Toronto,,Small,Manual_Addition,,,,job_boards,https://www.theatremanager.com/careers/,TheatreManager product manager
Arts People,Arts Management Software,Berkeley,,Small,Manual_Addition,,,,job_boards,https://www.artspeople.com/careers/,Arts People product manager
Ludus,Performing Arts Software,Dallas,,Small,Manual_Addition,,,,job_boards,https://www.ludus.com/careers/,Ludus product manager
Drama Notebook,Theater Education,Portland,,Small,Manual_Addition,,,,job_boards,https://www.dramanotebook.com/careers/,Drama Notebook product manager
Bandzoogle,Music Website Builder,Montreal,,Small,Manual_Addition,,,,job_boards,https://bandzoogle.com/careers,Bandzoogle product manager
Songkick,Concert Discovery,London,,Small,Manual_Addition,,,,job_boards,https://www.songkick.com/careers,Songkick product manager
Setlist.fm,Music Platform,Vienna,,Small,Manual_Addition,,,,job_boards,https://www.setlist.fm/careers,Setlist.fm product manager
Artsy,Art Marketplace,New York,,Small,Manual_Addition,,,,job_boards,https://www.artsy.net/careers,Artsy product manager
Saatchi Art,Art Marketplace,Los Angeles,,Small,Manual_Addition,,,,job_boards,https://www.saatchiart.com/careers,Saatchi Art product manager
Gallery Systems,Gallery Management Software,New York,,Small,Manual_Addition,,,,job_boards,https://www.gallerysystems.com/careers/,Gallery Systems product manager
Gather,Event Management,San Francisco,,Small,Manual_Addition,,,,job_boards,https://www.gather.town/careers,Gather product manager
Whova,Event Management,San Diego,,Small,Manual_Addition,,,,job_boards,https://whova.com/careers/,Whova product manager
EventMobi,Event Technology,Toronto,,Small,Manual_Addition,,,,job_boards,https://www.eventmobi.com/careers/,EventMobi product manager
Givebutter,Fundraising Platform,Washington DC,,Small,Manual_Addition,,,,job_boards,https://givebutter.com/careers,Givebutter product manager
Bonfire,Fundraising Platform,Richmond,,Small,Manual_Addition,,,,job_boards,https://www.bonfire.com/careers/,Bonfire product manager
Greater Giving,Auction Software,San Diego,,Small,Manual_Addition,,,,job_boards,https://www.greatergiving.com/careers/,Greater Giving product manager
DICE,Event Discovery,London,,Small,Manual_Addition,,,,job_boards,https://dice.fm/careers,DICE product manager
Fever,Event Discovery,Madrid,,Medium,Manual_Addition,,,,job_boards,https://feverup.com/careers,Fever product manager
Universe,Event Ticketing,San Francisco,,Small,Manual_Addition,,,,job_boards,https://universe.com/careers,Universe product manager
Splash,Event Marketing,Brooklyn,,Small,Manual_Addition,,,,job_boards,https://splashthat.com/careers,Splash product manager
Motorola Solutions,Public Safety Communications,Chicago,,Large,Specialized_Addition,,,,job_boards,https://www.motorolasolutions.com/careers,Motorola Solutions product manager
Avtec,Dispatch Communications,Virginia Beach,,Medium,Specialized_Addition,,,,job_boards,https://www.avtecinc.com/careers/,Avtec product manager
Zetron,Mission-Critical Communications,Redmond,,Medium,Specialized_Addition,,,,job_boards,https://www.zetron.com/about/careers/,Zetron product manager
Harris Corporation,Public Safety Technology,Melbourne FL,,Large,Specialized_Addition,,,,job_boards,https://www.l3harris.com/careers,Harris Corporation product manager
Airbus Defence and Space,Public Safety Communications,Virginia,,Large,Specialized_Addition,,,,job_boards,https://www.airbus.com/careers,Airbus Defence and Space product manager
Tyler Technologies,Public Sector Software,Plano TX,,Large,Specialized_Addition,,,,job_boards,https://www.tylertech.com/careers,Tyler Technologies product manager
Spillman Technologies,Law Enforcement Software,Salt Lake City,,Medium,Specialized_Addition,,,,job_boards,https://www.spillmantech.com/careers/,Spillman Technologies product manager
CODY Systems,Police Records Management,Omaha,,Small,Specialized_Addition,,,,job_boards,https://www.codysystems.com/careers/,CODY Systems product manager
Niche Technology,Public Safety Software,Iowa City,,Small,Specialized_Addition,,,,job_boards,https://www.nicherms.com/careers/,Niche Technology product manager
Verint Systems,Security Intelligence,Melville NY,,Large,Specialized_Addition,,,,job_boards,https://www.verint.com/careers/,Verint Systems product manager
Milestone Systems,Video Management,Portland OR,,Medium,Specialized_Addition,,,,job_boards,https://www.milestonesys.com/careers/,Milestone Systems product manager
SAS Anti-Money Laundering,AML Software,Cary NC,,Large,Specialized_Addition,,,,job_boards,https://www.sas.com/careers,SAS Anti-Money Laundering product manager
Fiserv,Financial Technology,Brookfield WI,,Large,Specialized_Addition,,,,job_boards,https://www.fiserv.com/careers,Fiserv product manager
ComplyAdvantage,AML & Compliance,London,,Medium,Specialized_Addition,,,,job_boards,https://complyadvantage.com/careers/,ComplyAdvantage product manager
Quantexa,Financial Crime Analytics,London,,Medium,Specialized_Addition,,,,job_boards,https://www.quantexa.com/careers/,Quantexa product manager
Featurespace,Fraud Prevention,Cambridge UK,,Medium,Specialized_Addition,,,,job_boards,https://www.featurespace.com/careers/,Featurespace product manager
ThreatMetrix,Digital Identity,San Jose,,Large,Specialized_Addition,,,,job_boards,https://www.lexisnexis.com/risk/careers,ThreatMetrix product manager
Socure,Identity Verification,New York,,Medium,Specialized_Addition,,,,job_boards,https://www.socure.com/careers,Socure product manager
Thomson Reuters CLEAR,Risk & Investigation,New York,,Large,Specialized_Addition,,,,job_boards,https://careers.thomsonreuters.com/,Thomson Reuters CLEAR product manager
Refinitiv,Financial Risk,London,,Large,Specialized_Addition,,,,job_boards,https://www.refinitiv.com/careers,Refinitiv product manager
Airwave Solutions,Police Communications,London,,Large,Specialized_Addition,,,,job_boards,https://www.airwavesolutions.co.uk/careers/,Airwave Solutions product manager
Sepura,TETRA Communications,Cambridge UK,,Medium,Specialized_Addition,,,,job_boards,https://www.sepura.com/careers/,Sepura product manager
Hytera,Professional Communications,Shenzhen,,Large,Specialized_Addition,,,,job_boards,https://www.hytera.com/careers/,Hytera product manager
